Entry ID,[Filter],Entry JP Name,[Entry US Name],Width,Depth,Element ID,[Element Name],Pad 1,Pad 2,Movement Flags,[May Dodge],[Unk Damage],[Unk Ranged],[Unk Melee],[Ranged Atk],[Melee Atk],[Ranged Only],[Take Cover],[In Air],[On Ground],[Reserved],[May Move],Counter%,EXP,Gold,Pad 3,Pad 4,MAXHP,Unk 1,Green,Red,Purple,Blue,Yellow,Silver,Poison,Unconscious,Stone,Sleep,Confusion,Silence,Fatigue,Revival,Weak,State 10,State 11,State 12,State 13,State 14,State 15,Danger,Effect ID,[Effect Name],State ID,[State Name],State Miss%,Pad 5,Level,Will,Vigor,Agile,Quick,Attack,Defense,MagDef,Hit%,Dodge%,Pad 6,Pad 7,Item 1 Prob,Item 1 Amount,Item 1 ID,[Item 1 Name],Item 2 Prob,Item 2 Amount,Item 2 ID,[Item 2 Name],Item 3 Prob,Item 3 Amount,Item 3 ID,[Item 3 Name],Item 4 Prob,Item 4 Amount,Item 4 ID,[Item 4 Name]
0,*,Soldier,Soldier,1,1,4,Yellow,-1,-1,0b111111000111,X,X,X,X,X,X,"","","",X,X,X,10,1,13,-1,-1,70,18.0,12,10,8,10,8,12,12,12,10,10,8,0,0,0,8,10,10,10,10,10,10,800,-1,None,0,Poison,0,-1,2,20,16,10,24,51,45,43,95,15,-1,-1,1,1,258,Moonberry,-1,-1,-1,None,-1,-1,-1,None,-1,-1,-1,None
0,epevent.evp,Soldier,Soldier,1,1,4,Yellow,-1,-1,0b111111000111,X,X,X,X,X,X,"","","",X,X,X,10,0,13,-1,-1,60,18.0,12,10,8,10,8,12,12,12,10,10,8,0,0,0,8,10,10,10,10,10,10,800,-1,None,0,Poison,0,-1,1,16,13,10,20,45,42,40,95,15,-1,-1,-1,-1,-1,None,-1,-1,-1,None,-1,-1,-1,None,-1,-1,-1,None
1,*,Guard,Guard,1,1,4,Yellow,-1,-1,0b111111000101,X,X,X,X,X,X,"","","",X,"",X,15,1,9,-1,-1,38,18.0,12,10,8,10,8,12,12,12,10,10,8,0,0,0,8,10,10,10,10,10,10,800,-1,None,0,Poison,0,-1,2,20,15,15,25,44,38,38,105,15,-1,-1,5,1,240,Sacri Crystal,1,1,258,Moonberry,-1,-1,-1,None,-1,-1,-1,None
1,epevent.evp,Guard,Guard,1,1,4,Yellow,-1,-1,0b111111000101,X,X,X,X,X,X,"","","",X,"",X,15,0,9,-1,-1,38,18.0,12,10,8,10,8,12,12,12,10,10,8,0,0,0,8,10,10,10,10,10,10,800,-1,None,0,Poison,0,-1,1,16,12,15,21,38,38,38,105,15,-1,-1,-1,-1,-1,None,-1,-1,-1,None,-1,-1,-1,None,-1,-1,-1,None
2,*,Seeker,Seeker,1,1,5,Silver,-1,-1,0b111111000111,X,X,X,X,X,X,"","","",X,X,X,15,1,62,-1,-1,138,18.0,6,10,10,12,14,8,0,0,10,0,0,0,0,0,20,10,10,10,10,10,10,500,-1,None,0,Poison,0,-1,3,30,25,5,29,78,73,84,90,10,-1,-1,3,1,240,Sacri Crystal,1,1,258,Moonberry,-1,-1,-1,None,-1,-1,-1,None
2,epevent.evp,Seeker,Seeker,1,1,5,Silver,-1,-1,0b111111000111,X,X,X,X,X,X,"","","",X,X,X,15,1,62,-1,-1,221,18.0,6,10,10,12,14,8,0,0,10,0,0,0,0,0,20,10,10,10,10,10,10,500,-1,None,0,Poison,0,-1,3,30,25,5,29,78,73,84,90,10,-1,-1,-1,-1,-1,None,-1,-1,-1,None,-1,-1,-1,None,-1,-1,-1,None
3,*,Marocca,Marocca,1,1,1,Red,-1,-1,0b111111110111,X,X,X,X,X,X,X,X,"",X,X,X,5,1,16,-1,-1,117,18.0,8,8,12,12,10,10,8,10,10,12,12,0,0,0,10,10,10,10,10,10,10,500,-1,None,0,Poison,0,-1,3,25,5,20,20,63,81,55,80,5,-1,-1,6,1,170,Marocca's Shell,1,1,258,Moonberry,-1,-1,-1,None,-1,-1,-1,None
4,*,Grouder,Grouder,3,3,2,Purple,-1,-1,0b111111001111,X,X,X,X,X,X,"","",X,X,X,X,25,2,48,-1,-1,586,18.0,10,12,8,8,12,10,40,10,10,5,5,5,0,0,40,10,10,10,10,10,10,1000,70,Confusion + Damage,4,Confusion,40,-1,3,36,42,10,27,69,74,87,80,5,-1,-1,4,1,21,Throwing Blade,1,1,258,Moonberry,-1,-1,-1,None,-1,-1,-1,None
4,epevent.evp,Grouder,Grouder,3,3,2,Purple,-1,-1,0b111111001111,X,X,X,X,X,X,"","",X,X,X,X,25,2,48,-1,-1,586,18.0,10,12,8,8,12,10,40,10,10,5,5,5,0,0,40,10,10,10,10,10,10,1000,70,Confusion + Damage,4,Confusion,40,-1,3,36,42,10,27,69,74,87,80,5,-1,-1,100,1,21,Throwing Blade,-1,-1,-1,None,-1,-1,-1,None,-1,-1,-1,None
7,*,Spell Warden,Spell Warden,1,1,4,Yellow,-1,-1,0b111111110101,X,X,X,X,X,X,X,X,"",X,"",X,5,1,54,-1,-1,483,18.0,12,10,8,10,8,12,20,0,0,10,0,0,0,0,5,10,10,10,10,10,10,800,-1,None,0,Poison,0,-1,5,64,30,5,43,70,80,140,70,25,-1,-1,50,1,244,Magic Droplet,-1,-1,-1,None,-1,-1,-1,None,-1,-1,-1,None
8,*,Flestik,Flestik,1,1,3,Blue,-1,-1,0b111111000111,X,X,X,X,X,X,"","","",X,X,X,15,1,18,-1,-1,68,18.0,12,6,14,10,10,8,12,8,10,0,12,0,0,0,10,10,10,10,10,10,10,500,69,Sleep + Damage,3,Sleep,40,-1,3,28,19,10,32,61,70,70,85,5,-1,-1,3,1,249,Curia Crystal,1,1,258,Moonberry,-1,-1,-1,None,-1,-1,-1,None
9,*,Basallish,Basallish,1,1,3,Blue,-1,-1,0b111111000111,X,X,X,X,X,X,"","","",X,X,X,20,1,24,-1,-1,135,18.0,14,6,14,10,10,6,12,8,10,10,12,0,0,0,10,10,10,10,10,10,10,500,-1,None,0,Poison,0,-1,4,38,28,15,33,80,106,65,100,20,-1,-1,1,1,267,Pyri Box,1,1,258,Moonberry,-1,-1,-1,None,-1,-1,-1,None
10,*,Mind Stealer,Mind Stealer,1,1,0,Green,-1,-1,0b111111000101,X,X,X,X,X,X,"","","",X,"",X,15,1,41,-1,-1,825,18.0,0,20,10,5,5,20,0,20,10,5,10,0,0,0,5,10,10,10,10,10,10,800,4,Poison + Damage,0,Poison,60,-1,4,40,54,15,23,99,87,70,75,5,-1,-1,3,1,249,Curia Crystal,1,1,258,Moonberry,-1,-1,-1,None,-1,-1,-1,None
11,*,Walrenk,Walrenk,3,3,2,Purple,-1,-1,0b111111000111,X,X,X,X,X,X,"","","",X,X,X,15,285,193,-1,-1,417,18.0,11,14,7,9,10,10,11,10,10,9,9,10,0,0,10,10,10,10,10,10,10,500,-1,None,0,Poison,0,-1,23,122,64,15,68,221,194,194,80,5,-1,-1,2,1,279,Panika Box,1,1,258,Moonberry,-1,-1,-1,None,-1,-1,-1,None
12,*,Varkris,Varkris,1,1,3,Blue,-1,-1,0b111111001111,X,X,X,X,X,X,"","",X,X,X,X,10,16,62,-1,-1,236,18.0,12,8,12,10,8,10,20,10,8,10,12,12,0,0,8,10,10,10,10,10,10,500,-1,None,0,Poison,0,-1,7,80,56,5,47,117,116,116,100,25,-1,-1,3,1,173,Hunter's Hand,1,1,258,Moonberry,-1,-1,-1,None,-1,-1,-1,None
13,*,Azbeth,Azbeth,1,1,3,Blue,-1,-1,0b111111111111,X,X,X,X,X,X,X,X,X,X,X,X,10,8,35,-1,-1,145,18.0,12,8,12,10,10,8,12,0,10,10,12,12,0,0,10,10,10,10,10,10,10,500,-1,None,0,Poison,0,-1,6,51,36,15,48,97,97,86,100,20,-1,-1,2,1,183,Silvite Ring,1,1,258,Moonberry,-1,-1,-1,None,-1,-1,-1,None
14,*,Zivilyn Bane,Zivilyn Bane,1,1,1,Red,-1,-1,0b111111000111,X,X,X,X,X,X,"","","",X,X,X,20,149,1898,-1,-1,1362,18.0,8,8,12,12,10,10,8,0,0,12,0,0,0,0,0,10,10,10,10,10,10,800,-1,None,0,Poison,0,-1,6,57,51,20,59,139,95,149,115,20,-1,-1,10,1,263,Dexus Seed,33,1,260,Paranta Seed,50,1,261,Icyl Seed,100,1,262,Zaal Seed
15,*,Ghastling,Ghastling,1,1,3,Blue,-1,-1,0b111111000111,X,X,X,X,X,X,"","","",X,X,X,5,1,8,-1,-1,83,18.0,12,6,14,10,10,8,12,8,10,10,14,0,0,0,10,10,10,10,10,10,10,500,-1,None,0,Poison,0,-1,3,25,64,5,30,57,64,64,90,15,-1,-1,3,1,240,Sacri Crystal,1,1,258,Moonberry,-1,-1,-1,None,-1,-1,-1,None
16,*,Florast,Florast,1,1,2,Purple,-1,-1,0b111111111111,X,X,X,X,X,X,X,X,X,X,X,X,10,301,72,-1,-1,99,18.0,11,14,7,9,10,10,11,10,10,9,5,10,0,0,10,10,10,10,10,10,10,400,70,Confusion + Damage,4,Confusion,70,-1,28,132,76,10,115,256,204,256,75,10,-1,-1,1,1,190,Constitution Gem,1,1,258,Moonberry,-1,-1,-1,None,-1,-1,-1,None
17,*,Tsirat,Tsirat,1,1,4,Yellow,-1,-1,0b111111001111,X,X,X,X,X,X,"","",X,X,X,X,15,1,21,-1,-1,117,18.0,12,10,8,10,8,12,12,20,10,10,5,5,0,0,5,10,10,10,10,10,10,500,-1,None,0,Poison,0,-1,4,40,70,15,40,68,76,76,90,20,-1,-1,1,1,273,Electri Box,1,1,258,Moonberry,-1,-1,-1,None,-1,-1,-1,None
18,*,Thorkyn,Thorkryn,1,1,3,Blue,-1,-1,0b111111001111,X,X,X,X,X,X,"","",X,X,X,X,10,1,30,-1,-1,400,18.0,12,8,14,10,10,6,12,6,6,10,14,0,0,0,10,10,10,10,10,10,10,800,-1,None,0,Poison,0,-1,4,35,29,10,33,71,55,55,85,25,-1,-1,3,1,168,Throkryn's Scale,1,1,258,Moonberry,-1,-1,-1,None,-1,-1,-1,None
19,*,Scorfly,Scorfly,1,1,2,Purple,-1,-1,0b111111001111,X,X,X,X,X,X,"","",X,X,X,X,25,1,44,-1,-1,173,18.0,10,14,6,6,14,10,10,10,16,4,4,0,0,0,16,10,10,10,10,10,10,500,71,Silence + Damage,5,Silence,40,-1,4,36,30,25,36,77,92,55,95,15,-1,-1,3,1,187,Revered Voice,1,1,258,Moonberry,-1,-1,-1,None,-1,-1,-1,None
20,*,Centralk,Centralk,1,1,3,Blue,-1,-1,0b111111000111,X,X,X,X,X,X,"","","",X,X,X,15,259,645,-1,-1,187,18.0,11,9,11,10,9,10,22,20,20,0,22,0,0,0,18,10,10,10,10,10,10,500,69,Sleep + Damage,3,Sleep,40,-1,23,86,57,10,97,206,194,151,85,160,-1,-1,5,1,8,Sword of Daccat,5,1,69,Daccat Custom,1,1,258,Moonberry,-1,-1,-1,None
21,*,Feralisk,Feralisk,1,1,0,Green,-1,-1,0b111111000111,X,X,X,X,X,X,"","","",X,X,X,20,228,155,-1,-1,217,18.0,10,20,5,5,20,10,9,10,10,9,9,10,0,0,11,10,10,10,10,10,10,500,-1,None,0,Poison,0,-1,23,115,72,10,116,221,216,216,105,20,-1,-1,4,1,136,Light Coat,1,1,258,Moonberry,-1,-1,-1,None,-1,-1,-1,None
22,*,Ferlith,Ferlith,1,1,0,Green,-1,-1,0b111111000111,X,X,X,X,X,X,"","","",X,X,X,20,26,109,-1,-1,610,18.0,10,12,8,8,12,10,8,10,10,8,8,8,0,0,12,10,10,10,10,10,10,500,-1,None,0,Poison,0,-1,9,155,64,10,60,138,120,120,105,20,-1,-1,2,1,134,Female Armor,1,1,258,Moonberry,-1,-1,-1,None,-1,-1,-1,None
23,*,Crylhound,Crylhound,1,1,4,Yellow,-1,-1,0b111111000111,X,X,X,X,X,X,"","","",X,X,X,15,1,33,-1,-1,154,18.0,12,10,8,10,8,12,14,14,10,10,6,6,0,0,6,10,10,10,10,10,10,500,-1,None,0,Poison,0,-1,4,50,23,15,36,90,86,101,110,30,-1,-1,3,1,172,Crylhound's Claw,1,1,258,Moonberry,-1,-1,-1,None,-1,-1,-1,None
24,*,Magma Tiki,Magma Tiki,1,1,1,Red,-1,-1,0b011111000000,"",X,X,X,X,X,"","","","","","",5,12,118,-1,-1,630,18.0,8,6,14,12,10,10,0,10,0,12,0,0,0,0,10,10,10,10,10,10,10,500,8,Stone + Damage,2,Stone,70,-1,6,57,57,5,43,125,101,98,85,0,-1,-1,2,1,184,Gem of Fluidity,1,1,258,Moonberry,-1,-1,-1,None,-1,-1,-1,None
25,*,Salamander,Salamander,1,1,1,Red,-1,-1,0b111111000111,X,X,X,X,X,X,"","","",X,X,X,10,9,47,-1,-1,258,18.0,8,6,14,12,10,10,8,10,6,12,14,14,0,0,10,10,10,10,10,10,10,500,-1,None,0,Poison,0,-1,6,96,48,5,42,104,101,144,90,5,-1,-1,2,1,133,Flame Mantle,1,1,258,Moonberry,-1,-1,-1,None,-1,-1,-1,None
26,*,Baroo,Baroo,1,1,1,Red,-1,-1,0b111111000111,X,X,X,X,X,X,"","","",X,X,X,20,143,96,-1,-1,120,18.0,9,7,14,11,10,10,9,10,10,11,11,0,0,0,10,10,10,10,10,10,10,500,-1,None,0,Poison,0,-1,23,86,64,15,126,191,194,194,100,20,-1,-1,1,1,268,Pyrum Box,1,1,258,Moonberry,-1,-1,-1,None,-1,-1,-1,None
27,*,Dung Fly,Dung Fly,1,1,3,Blue,-1,-1,0b111111110101,X,X,X,X,X,X,X,X,"",X,"",X,10,10,68,-1,-1,222,18.0,12,8,12,10,8,10,12,10,0,0,12,0,0,0,0,10,10,10,10,10,10,500,-1,None,0,Poison,0,-1,6,70,44,10,53,94,186,90,90,15,-1,-1,3,1,189,Behemoth's Ring,1,1,258,Moonberry,-1,-1,-1,None,-1,-1,-1,None
28,*,Death's Head,Death's Head,1,1,0,Green,-1,-1,0b111111000101,X,X,X,X,X,X,"","","",X,"",X,15,15,90,-1,-1,503,18.0,10,12,8,8,14,10,10,10,0,8,8,0,0,0,12,10,10,10,10,10,10,800,4,Poison + Damage,0,Poison,60,-1,6,56,38,15,46,117,93,101,75,5,-1,-1,5,1,27,Storm Wing,1,1,258,Moonberry,-1,-1,-1,None,-1,-1,-1,None
29,*,Looper,Looper,1,1,5,Silver,-1,-1,0b111111110111,X,X,X,X,X,X,X,X,"",X,X,X,15,2,53,-1,-1,38,18.0,5,10,10,20,20,0,8,0,0,12,10,10,0,0,12,10,10,10,10,10,10,500,-1,None,0,Poison,0,-1,3,64,44,10,40,68,64,204,110,150,-1,-1,2,1,174,Thief's Aura,1,1,258,Moonberry,-1,-1,-1,None,-1,-1,-1,None
30,*,Loopalon,Loopalon,1,1,1,Red,-1,-1,0b111111111111,X,X,X,X,X,X,X,X,X,X,X,X,5,23,434,-1,-1,124,18.0,5,0,20,20,10,10,8,10,0,12,12,12,0,0,10,10,10,10,10,10,10,500,-1,None,0,Poison,0,-1,6,68,71,10,59,101,98,353,110,150,-1,-1,2,1,210,Black Map,1,1,258,Moonberry,-1,-1,-1,None,-1,-1,-1,None
31,*,Tsurak,Tsurak,1,1,3,Blue,-1,-1,0b111111111101,X,X,X,X,X,X,X,X,X,X,"",X,10,291,71,-1,-1,177,18.0,11,9,11,10,9,10,20,20,20,0,20,0,0,0,20,10,10,10,10,10,10,500,69,Sleep + Damage,3,Sleep,50,-1,27,100,50,5,113,216,151,151,80,20,-1,-1,2,1,185,Wind Gem Ring,1,1,258,Moonberry,-1,-1,-1,None,-1,-1,-1,None
32,*,Enforcer,Enforcer,1,1,4,Yellow,-1,-1,0b111111000111,X,X,X,X,X,X,"","","",X,X,X,10,368,192,-1,-1,688,18.0,9,10,10,11,9,11,9,11,10,11,10,0,0,0,9,10,10,10,10,10,10,800,-1,None,0,Poison,0,-1,22,83,71,10,93,226,218,208,95,15,-1,-1,-1,-1,-1,None,-1,-1,-1,None,-1,-1,-1,None,-1,-1,-1,None
33,*,Serpentis,Serpantis,3,3,0,Green,-1,-1,0b111111000111,X,X,X,X,X,X,"","","",X,X,X,20,54,144,-1,-1,1452,18.0,10,12,8,8,12,10,10,10,10,8,8,8,0,0,12,10,10,10,10,10,10,1000,72,Fatigue + Damage,6,Fatigue,40,-1,8,126,59,15,53,154,119,179,85,10,-1,-1,4,1,244,Magic Droplet,1,1,258,Moonberry,-1,-1,-1,None,-1,-1,-1,None
34,*,Dralnog,Dralnog,1,1,0,Green,-1,-1,0b111111001111,X,X,X,X,X,X,"","",X,X,X,X,10,1,24,-1,-1,312,18.0,0,13,10,7,7,13,0,7,10,7,10,10,0,0,7,10,10,10,10,10,10,500,4,Poison + Damage,0,Poison,80,-1,4,21,32,15,32,77,70,63,75,50,-1,-1,2,1,182,Ivy Band,1,1,258,Moonberry,-1,-1,-1,None,-1,-1,-1,None
34,epevent.evp,Dralnog,Dralnog,1,1,0,Green,-1,-1,0b111111001111,X,X,X,X,X,X,"","",X,X,X,X,10,1,24,-1,-1,312,18.0,0,13,10,7,7,13,0,7,10,7,10,10,0,0,7,10,10,10,10,10,10,500,4,Poison + Damage,0,Poison,80,-1,4,21,32,15,32,77,70,63,75,50,-1,-1,-1,-1,-1,None,-1,-1,-1,None,-1,-1,-1,None,-1,-1,-1,None
35,*,Que'lak,Que'lak,1,1,3,Blue,-1,-1,0b111111110111,X,X,X,X,X,X,X,X,"",X,X,X,5,20,81,-1,-1,539,18.0,12,8,12,10,8,10,12,10,8,10,12,12,0,0,8,10,10,10,10,10,10,550,-1,None,0,Poison,0,-1,9,123,64,5,54,125,131,98,85,10,-1,-1,1,1,275,Sacri Box,1,1,258,Moonberry,-1,-1,-1,None,-1,-1,-1,None
36,*,Pinalisk,Pinalisk,1,1,0,Green,-1,-1,0b111111001111,X,X,X,X,X,X,"","",X,X,X,X,15,22,86,-1,-1,288,18.0,10,12,8,8,12,10,10,10,20,8,8,0,0,0,12,10,10,10,10,10,10,500,-1,None,0,Poison,0,-1,7,65,75,20,49,119,198,135,95,15,-1,-1,2,1,132,Victory Mail,1,1,258,Moonberry,-1,-1,-1,None,-1,-1,-1,None
37,*,Crylbeast,Crylbeast,1,1,0,Green,-1,-1,0b111111000111,X,X,X,X,X,X,"","","",X,X,X,15,470,133,-1,-1,355,18.0,10,11,9,9,11,10,9,10,10,9,9,10,0,0,11,10,10,10,10,10,10,500,-1,None,0,Poison,0,-1,30,136,63,15,171,259,190,190,110,30,-1,-1,1,1,264,Sylph Seed,1,1,258,Moonberry,-1,-1,-1,None,-1,-1,-1,None
38,*,Slothstra,Slothstra,3,3,3,Blue,-1,-1,0b111111110111,X,X,X,X,X,X,X,X,"",X,X,X,25,68,291,-1,-1,1606,18.0,12,8,12,10,8,10,12,5,5,10,0,0,0,0,8,10,10,10,10,10,10,2500,70,Confusion + Damage,4,Confusion,40,-1,9,76,96,15,48,170,134,96,85,5,-1,-1,10,1,186,Eye of Truth,1,1,258,Moonberry,-1,-1,-1,None,-1,-1,-1,None
39,*,Polraxis,Polraxis,1,1,0,Green,-1,-1,0b111111001111,X,X,X,X,X,X,"","",X,X,X,X,30,29,109,-1,-1,244,18.0,0,10,0,0,10,0,0,0,0,0,0,0,0,0,10,10,10,10,10,10,10,500,8,Stone + Damage,2,Stone,70,-1,9,76,76,30,56,143,451,81,120,10,-1,-1,10,1,244,Magic Droplet,2,1,184,Gem of Fluidity,1,1,258,Moonberry,-1,-1,-1,None
40,*,Roseln,Roseln,3,3,3,Blue,-1,-1,0b111111001111,X,X,X,X,X,X,"","",X,X,X,X,10,44,231,-1,-1,1536,18.0,12,8,12,10,8,10,12,10,8,0,12,0,0,0,10,10,10,10,10,10,10,1000,-1,None,0,Poison,0,-1,8,73,69,10,56,145,132,132,80,5,-1,-1,2,1,262,Zaal Seed,1,1,258,Moonberry,-1,-1,-1,None,-1,-1,-1,None
41,*,Elooper,Elooper,1,1,0,Green,-1,-1,0b111111111111,X,X,X,X,X,X,X,X,X,X,X,X,5,39,599,-1,-1,76,18.0,10,12,8,8,12,10,8,10,12,8,8,8,0,0,12,10,10,10,10,10,10,500,-1,None,0,Poison,0,-1,7,84,88,10,79,131,118,483,110,150,-1,-1,4,1,210,Black Map,1,1,263,Dexus Seed,1,1,258,Moonberry,-1,-1,-1,None
42,*,Grapor,Grapor,1,1,0,Green,-1,-1,0b111111111111,X,X,X,X,X,X,X,X,X,X,X,X,5,9,129,-1,-1,40,18.0,10,20,5,5,20,10,100,100,100,100,100,0,0,0,100,10,10,10,10,10,10,520,-1,None,0,Poison,0,-1,23,86,64,10,106,180,194,194,85,20,-1,-1,100,1,358,Grapor Meat,-1,-1,-1,None,-1,-1,-1,None,-1,-1,-1,None
43,*,Sphyrus,Sphyrus,1,1,3,Blue,-1,-1,0b011111000000,"",X,X,X,X,X,"","","","","","",5,627,177,-1,-1,501,18.0,11,9,11,10,9,10,11,10,10,10,11,0,0,0,9,10,10,10,10,10,10,500,-1,None,0,Poison,0,-1,30,108,81,5,146,244,244,244,80,0,-1,-1,1,1,272,Wevlen Box,1,1,258,Moonberry,-1,-1,-1,None,-1,-1,-1,None
44,*,Iridzu,Iridzu,1,1,0,Green,-1,-1,0b111111001111,X,X,X,X,X,X,"","",X,X,X,X,10,386,117,-1,-1,358,18.0,10,11,9,9,11,10,14,15,15,14,14,15,0,0,16,10,10,10,10,10,10,500,-1,None,0,Poison,0,-1,27,124,70,5,145,227,210,210,100,25,-1,-1,1,1,281,Slipara Box,1,1,258,Moonberry,-1,-1,-1,None,-1,-1,-1,None
45,*,Flyst,Flyst,1,1,2,Purple,-1,-1,0b111111111111,X,X,X,X,X,X,X,X,X,X,X,X,10,301,72,-1,-1,345,18.0,11,14,7,9,10,10,11,10,10,9,5,10,0,0,10,10,10,10,10,10,10,400,70,Confusion + Damage,4,Confusion,70,-1,28,132,76,10,115,288,204,256,75,10,-1,-1,1,1,222,Chance Ring,1,1,258,Moonberry,-1,-1,-1,None,-1,-1,-1,None
46,*,Medulizk,Medulizk,1,1,3,Blue,-1,-1,0b111111111111,X,X,X,X,X,X,X,X,X,X,X,X,15,613,132,-1,-1,519,18.0,11,9,11,10,9,10,0,10,10,10,11,10,0,0,9,10,10,10,10,10,10,500,4,Poison + Damage,0,Poison,80,-1,33,159,59,10,146,282,177,177,80,25,-1,-1,2,1,182,Ivy Band,1,1,258,Moonberry,-1,-1,-1,None,-1,-1,-1,None
47,*,Lucich,Lucich,1,1,0,Green,-1,-1,0b111111000111,X,X,X,X,X,X,"","","",X,X,X,10,16,42,-1,-1,295,18.0,10,12,8,8,12,10,10,10,10,8,8,8,0,0,12,10,10,10,10,10,10,500,-1,None,0,Poison,0,-1,8,114,58,15,47,106,114,114,75,30,-1,-1,2,1,250,Risan Crystal,1,1,258,Moonberry,-1,-1,-1,None,-1,-1,-1,None
48,*,Digger,Digger,1,1,4,Yellow,-1,-1,0b111111000101,X,X,X,X,X,X,"","","",X,"",X,15,19,110,-1,-1,335,18.0,8,10,10,12,8,12,0,12,12,12,10,0,0,0,8,10,10,10,10,10,10,800,-1,None,0,Poison,0,-1,8,70,61,10,48,131,200,79,95,15,-1,-1,2,1,188,Everlasting Gem,1,1,258,Moonberry,-1,-1,-1,None,-1,-1,-1,None
49,*,Flat Fiend,Flat Fiend,1,1,2,Purple,-1,-1,0b111111111101,X,X,X,X,X,X,X,X,X,X,"",X,5,331,98,-1,-1,247,18.0,11,14,7,9,10,10,11,10,10,9,9,10,0,0,10,10,10,10,10,10,10,500,72,Fatigue + Damage,6,Fatigue,70,-1,28,128,68,15,149,234,204,204,85,40,-1,-1,2,1,135,Ghost Mail,1,1,258,Moonberry,-1,-1,-1,None,-1,-1,-1,None
50,*,Burocca,Burocca,1,1,3,Blue,-1,-1,0b111111111111,X,X,X,X,X,X,X,X,X,X,X,X,5,285,193,-1,-1,244,18.0,20,5,20,10,5,10,20,20,20,20,20,0,0,0,20,10,10,10,10,10,10,500,-1,None,0,Poison,0,-1,23,86,19,20,68,188,280,108,80,5,-1,-1,5,1,171,Burocca's Shell,1,1,258,Moonberry,-1,-1,-1,None,-1,-1,-1,None
51,*,Drogerp,Drogerp,3,3,2,Purple,-1,-1,0b111111001111,X,X,X,X,X,X,"","",X,X,X,X,25,1122,278,-1,-1,1381,18.0,11,14,7,9,10,10,11,10,10,9,9,10,0,0,10,10,10,10,10,10,10,1000,-1,None,0,Poison,0,-1,27,155,104,10,100,314,272,248,80,5,-1,-1,2,1,266,Magus Seed,1,1,258,Moonberry,-1,-1,-1,None,-1,-1,-1,None
52,*,Nadnarb,Nadnarb,1,1,3,Blue,-1,-1,0b111111111101,X,X,X,X,X,X,X,X,X,X,"",X,5,471,100,-1,-1,217,18.0,11,9,11,10,9,10,11,10,0,10,11,9,0,0,9,10,10,10,10,10,10,500,-1,None,0,Poison,0,-1,34,152,70,10,136,296,212,212,80,5,-1,-1,1,1,261,Icyl Seed,1,1,258,Moonberry,-1,-1,-1,None,-1,-1,-1,None
53,*,Nairad,Nairad,1,1,3,Blue,-1,-1,0b111111111101,X,X,X,X,X,X,X,X,X,X,"",X,5,471,100,-1,-1,433,18.0,11,9,11,10,9,10,11,10,0,10,11,9,0,0,9,10,10,10,10,10,10,500,-1,None,0,Poison,0,-1,34,152,70,10,136,312,212,212,80,5,-1,-1,1,1,263,Dexus Seed,1,1,258,Moonberry,-1,-1,-1,None,-1,-1,-1,None
54,*,Kanezl,Kanezl,1,1,0,Green,-1,-1,0b111111111111,X,X,X,X,X,X,X,X,X,X,X,X,5,173,1000,-1,-1,325,18.0,10,11,9,9,11,10,9,10,10,9,9,10,0,0,11,10,10,10,10,10,10,500,-1,None,0,Poison,0,-1,23,108,51,5,136,216,259,518,120,120,-1,-1,2,1,291,Gold Pollen,1,1,258,Moonberry,-1,-1,-1,None,-1,-1,-1,None
55,*,Mantoid,Mantoid,3,3,0,Green,-1,-1,0b111111000111,X,X,X,X,X,X,"","","",X,X,X,20,940,266,-1,-1,1722,18.0,10,11,9,9,11,10,9,10,10,9,9,10,0,0,11,10,10,10,10,10,10,1000,72,Fatigue + Damage,6,Fatigue,40,-1,30,137,92,15,110,317,231,231,85,10,-1,-1,2,1,262,Zaal Seed,1,1,258,Moonberry,-1,-1,-1,None,-1,-1,-1,None
56,*,Sorcerer,Sorcerer,1,1,4,Yellow,-1,-1,0b111111110101,X,X,X,X,X,X,X,X,"",X,"",X,5,682,247,-1,-1,809,18.0,9,10,10,11,9,11,9,11,10,11,10,11,0,0,9,10,10,10,10,10,10,800,-1,None,0,Poison,0,-1,38,352,123,5,166,302,268,470,70,25,-1,-1,1,1,280,Driln Box,1,1,258,Moonberry,-1,-1,-1,None,-1,-1,-1,None
57,*,Slithar,Slithar,1,1,1,Red,-1,-1,0b111111000111,X,X,X,X,X,X,"","","",X,X,X,10,342,78,-1,-1,227,18.0,9,7,14,11,10,10,9,10,10,11,11,11,0,0,10,10,10,10,10,10,10,500,-1,None,0,Poison,0,-1,30,137,90,5,85,287,272,272,90,5,-1,-1,2,1,138,Moon Robe,1,1,258,Moonberry,-1,-1,-1,None,-1,-1,-1,None
58,*,Golooper,Golooper,1,1,3,Blue,-1,-1,0b111111111111,X,X,X,X,X,X,X,X,X,X,X,X,5,1139,789,-1,-1,82,18.0,11,9,11,10,9,10,11,10,10,10,11,0,0,0,9,10,10,10,10,10,10,500,-1,None,0,Poison,0,-1,30,136,190,10,171,265,272,870,110,150,-1,-1,4,1,210,Black Map,1,1,263,Dexus Seed,1,1,258,Moonberry,-1,-1,-1,None
59,*,Alusphere,Alusphere,3,3,3,Blue,-1,-1,0b011111000000,"",X,X,X,X,X,"","","","","","",25,1025,444,-1,-1,1162,18.0,11,9,11,10,9,10,0,10,0,10,11,0,0,0,0,10,10,10,10,10,10,1500,8,Stone + Damage,2,Stone,20,-1,30,108,104,20,73,296,353,272,120,0,-1,-1,5,1,184,Gem of Fluidity,1,1,258,Moonberry,-1,-1,-1,None,-1,-1,-1,None
60,*,Soldier,Soldier,1,1,3,Blue,-1,-1,0b111111000101,X,X,X,X,X,X,"","","",X,"",X,20,545,225,-1,-1,883,18.0,11,9,11,10,9,10,11,10,10,10,11,0,0,0,9,10,10,10,10,10,10,800,-1,None,0,Poison,0,-1,31,112,84,25,138,295,280,224,110,10,-1,-1,1,1,246,Aura of Valor,1,1,258,Moonberry,-1,-1,-1,None,-1,-1,-1,None
61,*,Delzool,Delzool,1,1,0,Green,-1,-1,0b111111000111,X,X,X,X,X,X,"","","",X,X,X,10,451,109,-1,-1,257,18.0,10,11,9,9,11,10,9,10,10,9,9,10,0,0,11,10,10,10,10,10,10,500,-1,None,0,Poison,0,-1,28,128,85,15,92,256,256,256,75,30,-1,-1,1,1,282,Eternum Box,1,1,258,Moonberry,-1,-1,-1,None,-1,-1,-1,None
62,*,Defender,Defender,1,1,4,Yellow,-1,-1,0b111111110111,X,X,X,X,X,X,X,X,"",X,X,X,25,955,346,-1,-1,1037,18.0,9,10,10,11,9,11,6,0,6,6,6,18,0,0,6,10,10,10,10,10,10,800,-1,None,0,Poison,0,-1,38,166,114,5,151,344,352,336,110,10,-1,-1,1,1,246,Aura of Valor,1,1,258,Moonberry,-1,-1,-1,None,-1,-1,-1,None
63,*,Ghrost,Ghrost,1,1,0,Green,-1,-1,0b111111111111,X,X,X,X,X,X,X,X,X,X,X,X,5,353,102,-1,-1,106,18.0,10,11,9,9,11,10,9,10,10,9,9,10,0,0,11,10,10,10,10,10,10,500,-1,None,0,Poison,0,-1,29,139,176,5,118,237,264,264,90,15,-1,-1,1,1,261,Icyl Seed,1,1,258,Moonberry,-1,-1,-1,None,-1,-1,-1,None
64,*,Graver,Graver,1,1,0,Green,-1,-1,0b111111111111,X,X,X,X,X,X,X,X,X,X,X,X,25,17,116,-1,-1,316,18.0,10,12,8,8,12,10,0,10,12,8,8,8,0,0,12,10,10,10,10,10,10,500,-1,None,0,Poison,0,-1,7,137,157,10,47,112,371,106,120,200,-1,-1,1,1,180,Counter Bracer,1,1,258,Moonberry,-1,-1,-1,None,-1,-1,-1,None
65,*,Shrilp,Shrilp,3,3,1,Red,-1,-1,0b111111001101,X,X,X,X,X,X,"","",X,X,"",X,5,2588,550,-1,-1,1827,18.0,9,7,14,11,10,10,3,5,5,7,7,7,0,0,5,10,10,10,10,10,10,1000,73,Weak + Damage,8,Weak,70,-1,34,152,444,5,123,354,334,334,85,5,-1,-1,4,1,179,Ancient Bracer,1,1,258,Moonberry,-1,-1,-1,None,-1,-1,-1,None
66,*,Cerosik,Cerosik,3,3,2,Purple,-1,-1,0b111111000111,X,X,X,X,X,X,"","","",X,X,X,15,749,199,-1,-1,761,18.0,11,14,7,9,10,10,11,10,10,9,9,10,0,0,10,10,10,10,10,10,10,500,-1,None,0,Poison,0,-1,33,158,88,15,93,303,266,266,80,5,-1,-1,2,1,242,Sacrum Crystal,1,1,258,Moonberry,-1,-1,-1,None,-1,-1,-1,None
67,*,Carnilak,Carnilak,3,3,3,Blue,-1,-1,0b111111001111,X,X,X,X,X,X,"","",X,X,X,X,10,2373,619,-1,-1,2457,18.0,11,9,11,10,9,10,11,10,10,0,11,0,0,0,9,10,10,10,10,10,10,1000,-1,None,0,Poison,0,-1,34,121,91,10,123,369,273,273,80,5,-1,-1,2,1,277,Riselem Box,1,1,258,Moonberry,-1,-1,-1,None,-1,-1,-1,None
68,*,Valgand,Valgand,1,1,2,Purple,-1,-1,0b111111000111,X,X,X,X,X,X,"","","",X,X,X,10,273,132,-1,-1,188,18.0,11,14,7,9,10,10,0,10,10,9,9,0,0,0,10,10,10,10,10,10,10,500,-1,None,0,Poison,0,-1,33,118,98,25,199,282,325,266,95,25,-1,-1,2,1,290,Chom,1,1,258,Moonberry,-1,-1,-1,None,-1,-1,-1,None
69,*,Berserker,Berserker,1,1,4,Yellow,-1,-1,0b111111000111,X,X,X,X,X,X,"","","",X,X,X,30,729,342,-1,-1,1015,18.0,9,10,10,11,9,11,0,11,10,11,10,0,0,0,9,10,10,10,10,10,10,1000,-1,None,0,Poison,0,-1,35,124,117,30,112,351,390,312,85,10,-1,-1,4,1,252,Glyph of Might,1,1,258,Moonberry,-1,-1,-1,None,-1,-1,-1,None
70,*,Lurgel Tank,Lurgel Tank,3,3,1,Red,-1,-1,0b011111000101,"",X,X,X,X,X,"","","",X,"",X,15,2732,1282,-1,-1,3550,18.0,9,9,11,11,10,10,0,0,0,20,20,0,0,0,4,10,10,10,10,10,10,3000,-1,None,0,Poison,0,-1,35,124,117,20,112,416,390,312,105,0,-1,-1,5,1,274,Electrum Box,1,1,258,Moonberry,-1,-1,-1,None,-1,-1,-1,None
71,*,Tenkou,Tenkou,1,1,3,Blue,-1,-1,0b111111000111,X,X,X,X,X,X,"","","",X,X,X,10,409,169,-1,-1,589,18.0,11,9,11,10,9,10,11,10,10,10,11,0,0,0,9,10,10,10,10,10,10,800,-1,None,0,Poison,0,-1,31,112,84,20,163,287,280,224,100,20,-1,-1,25,1,241,Sacres Crystal,-1,-1,-1,None,-1,-1,-1,None,-1,-1,-1,None
72,*,Patrol Guard,Patrol Guard,1,1,4,Yellow,-1,-1,0b111111000101,X,X,X,X,X,X,"","","",X,"",X,15,14,92,-1,-1,342,18.0,12,10,8,10,8,12,12,12,10,10,8,8,0,0,8,10,10,10,10,10,10,800,-1,None,0,Poison,0,-1,5,59,36,15,46,93,95,79,105,15,-1,-1,5,1,240,Sacri Crystal,1,1,273,Electri Box,1,1,258,Moonberry,-1,-1,-1,None
73,*,Mine Patrol,Mine Patrol,1,1,4,Yellow,-1,-1,0b111111000101,X,X,X,X,X,X,"","","",X,"",X,15,24,100,-1,-1,530,18.0,8,10,10,12,8,12,8,12,12,12,10,10,0,0,8,10,10,10,10,10,10,800,-1,None,0,Poison,0,-1,8,101,55,15,51,132,117,117,105,15,-1,-1,3,1,252,Glyph of Might,1,1,258,Moonberry,-1,-1,-1,None,-1,-1,-1,None
74,*,Forst Worm,Frost Worm,3,3,2,Purple,-1,-1,0b111111000101,X,X,X,X,X,X,"","","",X,"",X,10,2449,531,-1,-1,2845,18.0,10,20,0,10,10,10,7,5,5,3,3,10,0,0,5,10,10,10,10,10,10,1500,-1,None,0,Poison,0,-1,33,454,118,5,93,375,355,355,85,5,-1,-1,3,1,270,Crystalen Box,1,1,258,Moonberry,-1,-1,-1,None,-1,-1,-1,None
75,*,Destroyer,Destroyer,1,1,4,Yellow,-1,-1,0b110000110111,X,X,"","","","",X,X,"",X,X,X,0,234,139,-1,-1,267,18.0,9,10,10,11,9,11,0,11,10,11,0,11,0,0,9,10,10,10,10,10,10,800,-1,None,0,Poison,0,-1,24,91,79,0,123,152,273,205,0,25,-1,-1,1,1,258,Moonberry,-1,-1,-1,None,-1,-1,-1,None,-1,-1,-1,None
76,*,Marauder,Marauder,1,1,4,Yellow,-1,-1,0b111111000111,X,X,X,X,X,X,"","","",X,X,X,30,849,377,-1,-1,1093,18.0,9,10,10,11,9,11,0,11,10,11,10,0,0,0,9,10,10,10,10,10,10,1000,-1,None,0,Poison,0,-1,38,134,126,30,120,378,420,336,85,10,-1,-1,4,1,29,Hydra Wing,1,1,258,Moonberry,-1,-1,-1,None,-1,-1,-1,None
77,*,Guardian,Guardian,3,3,5,Silver,-1,-1,0b011111000111,"",X,X,X,X,X,"","","",X,X,X,30,5009,1785,-1,-1,5369,18.0,10,10,10,10,11,9,0,0,4,4,4,0,0,0,4,10,10,10,10,10,10,3000,-1,None,0,Poison,0,-1,39,137,120,10,139,436,344,378,115,0,-1,-1,5,1,167,Warrior's Heart,1,1,258,Moonberry,-1,-1,-1,None,-1,-1,-1,None
78,*,Telsor,Telsor,1,1,5,Silver,-1,-1,0b111111001111,X,X,X,X,X,X,"","",X,X,X,X,10,627,223,-1,-1,294,18.0,10,10,10,10,11,9,0,9,10,10,10,0,0,0,11,10,10,10,10,10,10,500,-1,None,0,Poison,0,-1,39,137,126,15,232,315,412,344,90,25,-1,-1,2,1,61,Serpent Strike,1,1,258,Moonberry,-1,-1,-1,None,-1,-1,-1,None
79,*,Dorntak,Dorntak,1,1,5,Silver,-1,-1,0b111111000111,X,X,X,X,X,X,"","","",X,X,X,25,1067,365,-1,-1,684,18.0,10,10,10,10,11,9,0,9,0,10,10,0,0,0,11,10,10,10,10,10,10,800,-1,None,0,Poison,0,-1,39,137,126,25,154,344,412,344,90,10,-1,-1,1,1,166,Cupil Ring,1,1,258,Moonberry,-1,-1,-1,None,-1,-1,-1,None
80,*,Linark,Linark,3,3,5,Silver,-1,-1,0b111111001101,X,X,X,X,X,X,"","",X,X,"",X,30,5009,1785,-1,-1,6193,18.0,10,10,10,10,11,9,0,3,5,5,5,0,0,0,7,10,10,10,10,10,10,3500,-1,None,0,Poison,0,-1,39,137,114,20,170,516,344,344,120,5,-1,-1,20,1,57,Silver Arm,1,1,258,Moonberry,-1,-1,-1,None,-1,-1,-1,None
81,*,Dolthstra,Dolthstra,3,3,2,Purple,-1,-1,0b111111110111,X,X,X,X,X,X,X,X,"",X,X,X,25,2449,531,-1,-1,3750,18.0,11,14,7,9,10,10,0,5,5,20,3,0,0,0,5,10,10,10,10,10,10,2500,70,Confusion + Damage,4,Confusion,40,-1,33,118,148,15,93,375,296,296,85,5,-1,-1,10,1,186,Eye of Truth,1,1,258,Moonberry,-1,-1,-1,None,-1,-1,-1,None
82,*,Dracolurg,Dracolurg,3,3,2,Purple,-1,-1,0b111111000111,X,X,X,X,X,X,"","","",X,X,X,15,2992,1155,-1,-1,5545,18.0,11,14,7,9,10,10,7,5,5,3,3,0,0,0,5,10,10,10,10,10,10,3500,-1,None,0,Poison,0,-1,34,123,154,15,138,434,308,308,100,10,-1,-1,5,1,181,Defensive Aura,1,1,258,Moonberry,-1,-1,-1,None,-1,-1,-1,None
83,*,Garagor,Garagor,3,3,2,Purple,-1,-1,0b111111000101,X,X,X,X,X,X,"","","",X,"",X,20,5009,973,-1,-1,3721,18.0,11,14,7,9,10,10,7,5,5,3,3,10,0,0,5,10,10,10,10,10,10,3500,72,Fatigue + Damage,6,Fatigue,40,-1,39,256,504,10,185,401,378,378,75,10,-1,-1,5,1,179,Ancient Bracer,1,1,258,Moonberry,-1,-1,-1,None,-1,-1,-1,None
84,*,Kilite,Kilite,1,1,2,Purple,-1,-1,0b111111001101,X,X,X,X,X,X,"","",X,X,"",X,15,449,119,-1,-1,178,18.0,11,14,7,9,10,10,16,15,15,14,14,15,0,0,15,10,10,10,10,10,10,500,-1,None,0,Poison,0,-1,33,158,98,15,159,282,296,296,75,20,-1,-1,1,1,260,Paranta Seed,1,1,258,Moonberry,-1,-1,-1,None,-1,-1,-1,None
85,*,Imezl,Imezl,1,1,0,Green,-1,-1,0b111111111111,X,X,X,X,X,X,X,X,X,X,X,X,5,581,213,-1,-1,243,18.0,10,11,9,9,11,10,9,10,10,9,9,10,0,0,11,10,10,10,10,10,10,500,-1,None,0,Poison,0,-1,27,126,15,5,170,252,302,302,75,5,-1,-1,2,1,249,Curia Crystal,2,1,250,Risan Crystal,2,1,251,Riselem Crystal,1,1,258,Moonberry
86,*,Lurker,Lurker,1,1,0,Green,-1,-1,0b111111111111,X,X,X,X,X,X,X,X,X,X,X,X,5,285,193,-1,-1,109,18.0,10,11,9,9,11,10,9,10,10,9,9,10,0,0,11,10,10,10,10,10,10,500,-1,None,0,Poison,0,-1,23,86,144,5,116,194,216,216,90,15,-1,-1,1,1,274,Electrum Box,1,1,258,Moonberry,-1,-1,-1,None,-1,-1,-1,None
87,*,Jellikra,Jellikra,1,1,3,Blue,-1,-1,0b111111111111,X,X,X,X,X,X,X,X,X,X,X,X,15,481,113,-1,-1,463,18.0,11,9,11,10,9,10,0,10,10,10,11,0,0,0,9,10,10,10,10,10,10,500,4,Poison + Damage,0,Poison,80,-1,29,134,52,10,130,252,158,158,80,25,-1,-1,2,1,182,Ivy Band,1,1,258,Moonberry,-1,-1,-1,None,-1,-1,-1,None
88,*,Scorpon,Scorpon,1,1,2,Purple,-1,-1,0b111111001101,X,X,X,X,X,X,"","",X,X,"",X,25,571,163,-1,-1,547,18.0,14,14,7,7,10,10,22,20,20,18,18,0,0,0,22,10,10,10,10,10,10,500,71,Silence + Damage,5,Silence,40,-1,22,83,69,25,102,219,260,156,95,15,-1,-1,5,1,187,Revered Voice,1,1,258,Moonberry,-1,-1,-1,None,-1,-1,-1,None
89,*,Arclooper,Arclooper,1,1,2,Purple,-1,-1,0b111111111111,X,X,X,X,X,X,X,X,X,X,X,X,5,2041,1328,-1,-1,134,18.0,11,14,7,9,10,10,11,10,10,9,9,10,0,0,10,10,10,10,10,10,10,500,-1,None,0,Poison,0,-1,33,148,207,10,186,288,296,947,110,150,-1,-1,5,1,209,Fortune Ring,1,1,263,Dexus Seed,1,1,258,Moonberry,-1,-1,-1,None
90,*,Tsorok,Tsorok,1,1,4,Yellow,-1,-1,0b111111001111,X,X,X,X,X,X,"","",X,X,X,X,15,13,48,-1,-1,214,18.0,8,10,10,12,8,12,8,12,10,12,5,10,0,0,12,10,10,10,10,10,10,500,70,Confusion + Damage,4,Confusion,70,-1,8,59,139,15,54,105,112,112,90,20,-1,-1,1,1,271,Wevles Box,1,1,258,Moonberry,-1,-1,-1,None,-1,-1,-1,None
91,*,Sentry,Sentry,1,1,4,Yellow,-1,-1,0b111111000111,X,X,X,X,X,X,"","","",X,X,X,20,521,244,-1,-1,626,18.0,9,10,10,14,0,14,0,11,10,11,10,11,0,0,9,10,10,10,10,10,10,800,-1,None,0,Poison,0,-1,35,124,109,15,126,364,374,280,105,10,-1,-1,3,1,254,Healing Salve,1,1,258,Moonberry,-1,-1,-1,None,-1,-1,-1,None
92,*,Langry,Langry,1,1,3,Blue,-1,-1,0b111111111101,X,X,X,X,X,X,X,X,X,X,"",X,10,18,48,-1,-1,223,18.0,12,8,12,10,8,10,12,10,8,0,12,12,0,0,10,10,10,10,10,10,10,500,69,Sleep + Damage,3,Sleep,50,-1,8,76,72,5,52,115,115,115,80,20,-1,-1,2,1,185,Wind Gem Ring,1,1,258,Moonberry,-1,-1,-1,None,-1,-1,-1,None
93,*,Durel Beetle,Durel Beetle,1,1,3,Blue,-1,-1,0b111111111111,X,X,X,X,X,X,X,X,X,X,X,X,10,11,55,-1,-1,232,18.0,15,5,12,10,10,8,15,8,5,10,12,12,0,0,0,10,10,10,10,10,10,500,-1,None,0,Poison,0,-1,6,68,43,10,43,93,93,93,90,15,-1,-1,3,1,189,Behemoth's Ring,1,1,258,Moonberry,-1,-1,-1,None,-1,-1,-1,None
94,*,Totelm,Totelm,1,1,1,Red,-1,-1,0b011111000000,"",X,X,X,X,X,"","","","","","",15,17,66,-1,-1,260,18.0,8,6,14,12,10,10,0,10,10,0,0,0,0,0,0,10,10,10,10,10,10,400,73,Weak + Damage,8,Weak,40,-1,9,76,64,15,57,112,125,336,100,15,-1,-1,4,1,244,Magic Droplet,1,1,266,Magus Seed,1,1,258,Moonberry,-1,-1,-1,None
95,*,Thryllak,Thryllak,1,1,3,Blue,-1,-1,0b111111111111,X,X,X,X,X,X,X,X,X,X,X,X,10,262,91,-1,-1,313,18.0,11,9,11,10,9,10,11,10,10,10,11,0,0,0,9,10,10,10,10,10,10,800,-1,None,0,Poison,0,-1,22,83,69,10,93,234,208,208,85,25,-1,-1,2,1,169,Thryllak's Scale,1,1,258,Moonberry,-1,-1,-1,None,-1,-1,-1,None
96,*,Stonebeak,Stonebeak,1,1,4,Yellow,-1,-1,0b111111001101,X,X,X,X,X,X,"","",X,X,"",X,20,15,66,-1,-1,399,18.0,13,10,7,10,7,15,13,15,10,10,7,7,0,0,7,10,10,10,10,10,10,500,-1,None,0,Poison,0,-1,6,52,39,15,40,108,101,74,95,15,-1,-1,2,1,188,Everlasting Gem,1,1,258,Moonberry,-1,-1,-1,None,-1,-1,-1,None
97,*,Razorbeak,Razorbeak,1,1,4,Yellow,-1,-1,0b111111001101,X,X,X,X,X,X,"","",X,X,"",X,20,438,127,-1,-1,631,18.0,9,10,10,11,9,11,14,16,15,16,15,0,0,0,14,10,10,10,10,10,10,500,-1,None,0,Poison,0,-1,21,81,61,15,82,247,183,183,95,15,-1,-1,4,1,188,Everlasting Gem,1,1,258,Moonberry,-1,-1,-1,None,-1,-1,-1,None
98,*,Stalk Fiend,Stalk Fiend,1,1,0,Green,-1,-1,0b111111111101,X,X,X,X,X,X,X,X,X,X,"",X,5,678,176,-1,-1,418,18.0,10,11,9,9,11,10,9,10,10,9,9,10,0,0,11,10,10,10,10,10,10,500,72,Fatigue + Damage,6,Fatigue,70,-1,34,152,81,15,177,278,243,243,85,40,-1,-1,2,1,137,Fiber Mail,1,1,258,Moonberry,-1,-1,-1,None,-1,-1,-1,None
99,*,Kantor,Kantor,3,3,4,Yellow,-1,-1,0b111111000101,X,X,X,X,X,X,"","","",X,"",X,15,2001,642,-1,-1,2716,18.0,9,10,10,11,9,11,6,0,6,6,6,0,0,0,6,10,10,10,10,10,10,3500,-1,None,0,Poison,0,-1,25,92,121,15,93,270,232,255,105,15,-1,-1,2,1,258,Moonberry,-1,-1,-1,None,-1,-1,-1,None,-1,-1,-1,None
100,*,Shadow,Shadow,1,1,3,Blue,-1,-1,0b111111000101,X,X,X,X,X,X,"","","",X,"",X,10,2272,1117,-1,-1,1149,18.0,11,9,11,10,9,10,5,5,5,5,5,10,0,0,5,10,10,10,10,10,10,800,-1,None,0,Poison,0,-1,37,168,109,10,191,356,328,328,120,40,-1,-1,-1,-1,-1,None,-1,-1,-1,None,-1,-1,-1,None,-1,-1,-1,None
101,*,Assassin,Assassin,1,1,3,Blue,-1,-1,0b111111000101,X,X,X,X,X,X,"","","",X,"",X,10,955,346,-1,-1,807,18.0,11,9,11,10,9,10,5,5,5,5,5,10,0,0,5,10,10,10,10,10,10,800,-1,None,0,Poison,0,-1,38,177,112,10,196,365,336,336,120,40,-1,-1,4,1,68,Marksman Gun,1,1,258,Moonberry,-1,-1,-1,None,-1,-1,-1,None
102,*,Officer,Officer,1,1,4,Yellow,-1,-1,0b111111110111,X,X,X,X,X,X,X,X,"",X,X,X,25,379,373,-1,-1,648,18.0,9,10,10,11,9,11,6,0,6,6,6,18,0,0,6,10,10,10,10,10,10,800,-1,None,0,Poison,0,-1,24,100,76,5,100,252,235,224,110,10,-1,-1,1,1,246,Aura of Valor,1,1,258,Moonberry,-1,-1,-1,None,-1,-1,-1,None
103,*,Mage Warden,Mage Warden,1,1,4,Yellow,-1,-1,0b111111110101,X,X,X,X,X,X,X,X,"",X,"",X,5,316,204,-1,-1,576,18.0,9,10,10,11,9,11,9,11,10,11,10,11,0,0,9,10,10,10,10,10,10,800,-1,None,0,Poison,0,-1,24,123,83,5,112,205,182,319,70,25,-1,-1,1,1,278,Sylenis Box,1,1,258,Moonberry,-1,-1,-1,None,-1,-1,-1,None
104,*,Shock Troop,Shock Troop,1,1,4,Yellow,-1,-1,0b111111000111,X,X,X,X,X,X,"","","",X,X,X,10,217,142,-1,-1,278,18.0,9,10,10,11,9,11,9,11,10,11,10,0,0,0,9,10,10,10,10,10,10,800,-1,None,0,Poison,0,-1,24,89,76,10,100,236,235,224,95,15,-1,-1,3,1,242,Sacrum Crystal,1,1,258,Moonberry,-1,-1,-1,None,-1,-1,-1,None
105,*,Red Guard,Red Guard,1,1,4,Yellow,-1,-1,0b111111000111,X,X,X,X,X,X,"","","",X,X,X,10,545,225,-1,-1,629,18.0,9,10,10,11,9,11,9,11,10,11,10,0,0,0,9,10,10,10,10,10,10,800,-1,None,0,Poison,0,-1,31,112,95,10,126,304,294,280,95,15,-1,-1,2,1,245,Magic Dew,1,1,258,Moonberry,-1,-1,-1,None,-1,-1,-1,None
106,*,Elite Guard,Elite Guard,1,1,4,Yellow,-1,-1,0b111111000111,X,X,X,X,X,X,"","","",X,X,X,10,586,223,-1,-1,516,18.0,9,10,10,11,9,11,9,11,10,11,10,0,0,0,9,10,10,10,10,10,10,800,-1,None,0,Poison,0,-1,35,124,106,10,140,339,327,312,95,15,-1,-1,1,1,178,Warrior's Rune,1,1,258,Moonberry,-1,-1,-1,None,-1,-1,-1,None
107,*,Jynnus,Jynnus,1,1,3,Blue,-1,-1,0b111111111111,X,X,X,X,X,X,X,X,X,X,X,X,10,192,69,-1,-1,231,18.0,11,9,11,10,9,10,16,15,15,15,16,14,0,0,14,10,10,10,10,10,10,500,-1,None,0,Poison,0,-1,21,100,56,15,108,211,170,170,100,20,-1,-1,2,1,183,Silvite Ring,1,1,258,Moonberry,-1,-1,-1,None,-1,-1,-1,None
108,*,Hydra Elite,Hydra Elite,3,3,4,Yellow,-1,-1,0b111111000101,X,X,X,X,X,X,"","","",X,"",X,15,1194,432,-1,-1,1759,18.0,9,10,10,11,9,11,6,6,6,6,6,18,0,0,6,10,10,10,10,10,10,1000,-1,None,0,Poison,0,-1,38,202,111,25,151,448,369,302,95,10,-1,-1,3,1,200,Ominous Mask,1,1,258,Moonberry,-1,-1,-1,None,-1,-1,-1,None
109,*,Yulooper,Yulooper,1,1,4,Yellow,-1,-1,0b111111111111,X,X,X,X,X,X,X,X,X,X,X,X,5,911,794,-1,-1,93,18.0,9,10,10,11,9,11,9,11,10,11,10,11,0,0,9,10,10,10,10,10,10,500,-1,None,0,Poison,0,-1,21,139,142,10,128,199,204,652,110,150,-1,-1,4,1,210,Black Map,1,1,263,Dexus Seed,1,1,258,Moonberry,-1,-1,-1,None
110,*,Hunter,Hunter,1,1,5,Silver,-1,-1,0b111111001111,X,X,X,X,X,X,"","",X,X,X,X,15,302,114,-1,-1,156,18.0,10,10,10,10,11,9,0,9,10,10,10,0,0,0,11,10,10,10,10,10,10,500,-1,None,0,Poison,0,-1,39,137,114,5,139,436,412,275,90,10,-1,-1,2,1,66,Warrior's Pistol,1,1,258,Moonberry,-1,-1,-1,None,-1,-1,-1,None
111,*,Zivilyn Bane,Zivilyn Bane,1,1,1,Red,-1,-1,0b111111000111,X,X,X,X,X,X,"","","",X,X,X,22,244,1456,-1,-1,3229,18.0,8,8,12,12,10,10,4,4,4,4,4,0,0,0,4,10,10,10,10,10,10,800,4,Poison + Damage,0,Poison,60,-1,9,76,69,22,55,144,120,168,115,22,-1,-1,10,1,263,Dexus Seed,33,1,264,Sylph Seed,50,1,265,Vidal Seed,100,1,266,Magus Seed
112,*,Zivilyn Bane,Zivilyn Bane,1,1,1,Red,-1,-1,0b111111000111,X,X,X,X,X,X,"","","",X,X,X,24,1036,3444,-1,-1,1817,18.0,9,9,11,11,10,10,4,4,4,4,4,0,0,0,4,10,10,10,10,10,10,800,-1,None,0,Poison,0,-1,23,86,77,24,106,250,216,172,115,24,-1,-1,10,1,263,Dexus Seed,33,1,260,Paranta Seed,50,1,261,Icyl Seed,100,1,262,Zaal Seed
113,*,Zivilyn Bane,Zivilyn Bane,1,1,1,Red,-1,-1,0b111111000111,X,X,X,X,X,X,"","","",X,X,X,26,2425,3807,-1,-1,3901,18.0,9,9,11,11,10,10,4,4,4,4,4,0,0,0,4,10,10,10,10,10,10,800,-1,None,0,Poison,0,-1,25,92,83,26,114,272,232,185,115,26,-1,-1,10,1,263,Dexus Seed,33,1,264,Sylph Seed,50,1,265,Vidal Seed,100,1,266,Magus Seed
114,*,Zivilyn Bane,Zivilyn Bane,1,1,1,Red,-1,-1,0b111111000111,X,X,X,X,X,X,"","","",X,X,X,28,3001,4361,-1,-1,4843,18.0,9,9,11,11,10,10,4,4,4,4,4,0,0,0,4,10,10,10,10,10,10,800,-1,None,0,Poison,0,-1,28,102,92,28,138,305,256,204,115,28,-1,-1,10,1,263,Dexus Seed,33,1,260,Paranta Seed,50,1,261,Icyl Seed,100,1,262,Zaal Seed
115,*,Zivilyn Bane,Zivilyn Bane,1,1,1,Red,-1,-1,0b111111000111,X,X,X,X,X,X,"","","",X,X,X,30,3415,4738,-1,-1,5144,18.0,9,9,11,11,10,10,4,4,4,4,4,0,0,0,4,10,10,10,10,10,10,800,-1,None,0,Poison,0,-1,30,108,97,30,146,330,272,217,115,30,-1,-1,10,1,263,Dexus Seed,33,1,264,Sylph Seed,50,1,265,Vidal Seed,100,1,266,Magus Seed
116,*,Zivilyn Bane,Zivilyn Bane,1,1,1,Red,-1,-1,0b111111000111,X,X,X,X,X,X,"","","",X,X,X,32,4081,5312,-1,-1,5599,18.0,9,9,11,11,10,10,4,4,4,4,4,0,0,0,4,10,10,10,10,10,10,800,-1,None,0,Poison,0,-1,33,118,106,32,159,365,296,236,115,32,-1,-1,10,1,263,Dexus Seed,33,1,260,Paranta Seed,50,1,261,Icyl Seed,100,1,262,Zaal Seed
117,*,Zivilyn Bane,Zivilyn Bane,1,1,1,Red,-1,-1,0b111111000111,X,X,X,X,X,X,"","","",X,X,X,34,5565,6491,-1,-1,8671,18.0,9,9,11,11,10,10,4,4,4,4,4,0,0,0,4,10,10,10,10,10,10,800,-1,None,0,Poison,0,-1,39,137,123,34,201,432,344,275,115,34,-1,-1,10,1,263,Dexus Seed,33,1,264,Sylph Seed,50,1,265,Vidal Seed,100,1,266,Magus Seed
118,*,Hunter,Hunter,1,1,5,Silver,-1,-1,0b111111001111,X,X,X,X,X,X,"","",X,X,X,X,15,302,114,-1,-1,156,18.0,10,10,10,10,11,9,0,9,10,10,10,0,0,0,11,10,10,10,10,10,10,500,-1,None,0,Poison,0,-1,39,137,114,5,139,436,412,275,90,10,-1,-1,2,1,66,Warrior's Pistol,1,1,258,Moonberry,-1,-1,-1,None,-1,-1,-1,None
119,*,Delvax,Delvax,1,1,5,Silver,-1,-1,0b111111001111,X,X,X,X,X,X,"","",X,X,X,X,10,627,223,-1,-1,294,18.0,10,10,10,10,11,9,0,9,10,10,10,0,0,0,11,10,10,10,10,10,10,500,-1,None,0,Poison,0,-1,39,137,126,15,232,315,412,344,90,25,-1,-1,2,1,61,Serpent Strike,1,1,258,Moonberry,-1,-1,-1,None,-1,-1,-1,None
120,*,Hopril,Hopril,1,1,5,Silver,-1,-1,0b111111000111,X,X,X,X,X,X,"","","",X,X,X,25,1067,365,-1,-1,684,18.0,10,10,10,10,11,9,0,9,0,10,10,0,0,0,11,10,10,10,10,10,10,800,-1,None,0,Poison,0,-1,39,137,126,25,154,344,412,344,90,10,-1,-1,1,1,166,Cupil Ring,1,1,258,Moonberry,-1,-1,-1,None,-1,-1,-1,None
121,*,Elcian,Elcian,1,1,4,Yellow,-1,-1,0b111111001101,X,X,X,X,X,X,"","",X,X,"",X,50,30000,15000,-1,-1,10000,18.0,10,10,10,10,10,10,0,0,0,0,0,0,0,0,0,10,10,10,10,10,10,500,72,Fatigue + Damage,6,Fatigue,0,-1,50,1200,250,50,400,2000,700,700,200,50,-1,-1,10,1,210,Black Map,10,1,218,Valuan Medallion,50,1,263,Dexus Seed,100,1,258,Moonberry
128,*,Antonio,Antonio,3,3,4,Yellow,-1,-1,0b111111000101,X,X,X,X,X,X,"","","",X,"",X,15,23,75,-1,-1,565,18.0,12,10,8,10,6,12,12,0,0,10,8,0,0,0,8,10,10,10,10,10,10,1500,-1,None,0,Poison,0,-1,2,19,16,15,24,55,48,68,105,15,-1,-1,100,1,273,Electri Box,-1,-1,-1,None,-1,-1,-1,None,-1,-1,-1,None
129,*,Sentinel,Sentinel,3,3,5,Silver,-1,-1,0b011111000111,"",X,X,X,X,X,"","","",X,X,X,30,56,95,-1,-1,871,18.0,6,10,10,12,14,8,0,0,0,0,0,0,0,0,0,10,10,10,10,10,10,2500,-1,None,0,Poison,0,-1,3,32,28,10,31,96,64,88,115,0,-1,-1,100,1,258,Moonberry,-1,-1,-1,None,-1,-1,-1,None,-1,-1,-1,None
130,*,Bleigock,Bleigock,3,3,0,Green,-1,-1,0b111111000101,X,X,X,X,X,X,"","","",X,"",X,10,75,477,-1,-1,6742,18.0,0,30,10,3,3,30,0,0,0,8,10,0,0,0,0,10,10,10,10,10,10,2500,4,Poison + Damage,0,Poison,40,-1,4,47,28,15,32,86,69,69,75,5,-1,-1,100,1,4,Assassin Blade,-1,-1,-1,None,-1,-1,-1,None,-1,-1,-1,None
131,*,Executioner,Executioner,3,3,4,Yellow,-1,-1,0b111111000101,X,X,X,X,X,X,"","","",X,"",X,15,26,507,-1,-1,1435,18.0,12,10,8,10,8,12,20,0,0,10,5,5,0,0,0,10,10,10,10,10,10,2500,-1,None,0,Poison,0,-1,5,56,37,25,40,100,88,62,95,10,-1,-1,100,1,125,Heavy Armor,-1,-1,-1,None,-1,-1,-1,None,-1,-1,-1,None
132,*,Galcian,Galcian,1,1,4,Yellow,-1,-1,0b111111000101,X,X,X,X,X,X,"","","",X,"",X,0,0,0,-1,-1,9999999,18.0,12,10,8,10,8,12,0,0,0,0,0,0,0,0,0,10,10,10,10,10,10,2500,-1,None,0,Poison,0,-1,5,177,50,15,31,203,119,119,200,10,-1,-1,-1,-1,-1,None,-1,-1,-1,None,-1,-1,-1,None,-1,-1,-1,None
133,*,Royal Guard,Royal Guard,1,1,4,Yellow,-1,-1,0b111111110111,X,X,X,X,X,X,X,X,"",X,X,X,25,143,781,-1,-1,694,18.0,12,10,8,10,6,12,20,0,0,10,0,0,0,0,5,10,10,10,10,10,10,2500,-1,None,0,Poison,0,-1,5,53,41,5,45,98,101,84,110,10,-1,-1,100,1,252,Glyph of Might,-1,-1,-1,None,-1,-1,-1,None,-1,-1,-1,None
134,*,Rokwyrm,Rokwyrm,3,3,1,Red,-1,-1,0b011111001001,"",X,X,X,X,X,"","",X,"","",X,20,876,1584,-1,-1,4223,18.0,6,1,19,14,10,10,8,0,0,0,0,0,0,0,0,10,10,10,10,10,10,3500,-1,None,0,Poison,0,-1,6,59,54,10,42,160,104,109,105,0,-1,-1,100,1,277,Riselem Box,-1,-1,-1,None,-1,-1,-1,None,-1,-1,-1,None
136,*,Antonio 2,Antonio 2,3,3,4,Yellow,-1,-1,0b111111000101,X,X,X,X,X,X,"","","",X,"",X,15,2253,1194,-1,-1,9005266,18.0,8,10,10,12,8,12,6,0,0,6,6,0,0,0,0,10,10,10,10,10,10,3500,73,Weak + Damage,8,Weak,80,-1,8,72,126,25,51,179,135,149,105,15,-1,-1,100,1,258,Moonberry,-1,-1,-1,None,-1,-1,-1,None,-1,-1,-1,None
137,*,Rik'talish,Rik'talish,3,3,0,Green,-1,-1,0b111111000100,X,X,X,X,X,X,"","","",X,"","",15,3596,2373,-1,-1,9007129,18.0,10,12,8,8,12,10,0,0,0,4,4,0,0,0,4,10,10,10,10,10,10,3000,73,Weak + Damage,8,Weak,40,-1,9,78,58,15,60,170,132,132,105,15,-1,-1,100,4,245,Magic Dew,-1,-1,-1,None,-1,-1,-1,None,-1,-1,-1,None
138,*,Sinistra,Sinistra,3,3,1,Red,-1,-1,0b111111001001,X,X,X,X,X,X,"","",X,"","",X,20,4745,1590,-1,-1,9004621,18.0,10,1,19,10,10,10,0,0,0,0,0,0,0,0,0,10,10,10,10,10,10,1500,-1,None,0,Poison,0,-1,23,88,91,10,99,256,275,275,90,20,-1,-1,100,1,261,Icyl Seed,-1,-1,-1,None,-1,-1,-1,None,-1,-1,-1,None
139,*,Destra,Destra,3,3,2,Purple,-1,-1,0b111111001001,X,X,X,X,X,X,"","",X,"","",X,20,4745,1590,-1,-1,9004621,18.0,10,19,1,10,10,10,0,0,0,0,0,0,0,0,0,10,10,10,10,10,10,1500,-1,None,0,Poison,0,-1,23,88,91,10,99,256,275,275,90,20,-1,-1,100,1,266,Magus Seed,-1,-1,-1,None,-1,-1,-1,None,-1,-1,-1,None
140,*,Ramirez,Ramirez,1,1,5,Silver,-1,-1,0b111111000101,X,X,X,X,X,X,"","","",X,"",X,0,0,0,-1,-1,9999999,18.0,10,10,10,10,10,10,0,0,0,0,0,0,0,0,0,10,10,10,10,10,10,1000,-1,None,0,Poison,0,-1,24,112,130,0,120,672,392,392,200,80,-1,-1,-1,-1,-1,None,-1,-1,-1,None,-1,-1,-1,None,-1,-1,-1,None
141,*,Vigoro,Vigoro,1,1,1,Red,-1,-1,0b111111000101,X,X,X,X,X,X,"","","",X,"",X,35,6301,4087,-1,-1,9005473,18.0,9,9,11,11,10,10,4,0,4,4,4,0,0,0,4,10,10,10,10,10,10,1000,-1,None,0,Poison,0,-1,24,91,190,20,112,342,228,228,95,20,-1,-1,100,1,334,Cannon Room Key,-1,-1,-1,None,-1,-1,-1,None,-1,-1,-1,None
142,*,Dralkor Tank,Dralkor Tank,3,3,1,Red,-1,-1,0b011111000101,"",X,X,X,X,X,"","","",X,"",X,15,8054,4678,-1,-1,9007671,18.0,9,9,11,11,10,10,0,0,0,20,20,0,0,0,4,10,10,10,10,10,10,3000,-1,None,0,Poison,0,-1,25,94,88,20,84,332,295,236,105,0,-1,-1,100,5,251,Riselem Crystal,-1,-1,-1,None,-1,-1,-1,None,-1,-1,-1,None
144,*,Tortigar,Tortigar,3,3,3,Blue,-1,-1,0b111111111001,X,X,X,X,X,X,X,X,X,"","",X,25,15498,4350,-1,-1,9010865,18.0,11,9,11,10,9,10,6,0,6,6,6,6,0,0,6,10,10,10,10,10,10,3500,8,Stone + Damage,2,Stone,80,-1,30,434,179,10,74,368,358,358,90,5,-1,-1,100,1,130,Moonlight Robe,-1,-1,-1,None,-1,-1,-1,None,-1,-1,-1,None
145,*,Jao,Jao,1,1,3,Blue,-1,-1,0b111111000101,X,X,X,X,X,X,"","","",X,"",X,25,2979,1277,-1,-1,9002681,18.0,11,9,11,10,9,10,10,0,5,5,10,0,0,0,5,10,10,10,10,10,10,1000,-1,None,0,Poison,0,-1,29,107,89,25,156,312,268,268,125,25,-1,-1,-1,-1,-1,None,-1,-1,-1,None,-1,-1,-1,None,-1,-1,-1,None
146,*,Mao,Mao,1,1,3,Blue,-1,-1,0b111111000101,X,X,X,X,X,X,"","","",X,"",X,25,2979,1277,-1,-1,9002681,18.0,11,9,11,10,9,10,10,0,5,5,10,0,0,0,5,10,10,10,10,10,10,1000,-1,None,0,Poison,0,-1,29,107,89,25,156,312,268,268,125,25,-1,-1,100,1,258,Moonberry,-1,-1,-1,None,-1,-1,-1,None,-1,-1,-1,None
147,*,Muraji,Muraji,1,1,3,Blue,-1,-1,0b110000110111,X,X,"","","","",X,X,"",X,X,X,0,3873,1971,-1,-1,9003286,18.0,11,9,11,10,9,10,20,0,20,20,0,0,0,0,20,10,10,10,10,10,10,1000,-1,None,0,Poison,0,-1,31,143,93,0,126,186,224,336,0,25,-1,-1,100,4,245,Magic Dew,-1,-1,-1,None,-1,-1,-1,None,-1,-1,-1,None
148,*,Veltarn,Veltarn,3,3,2,Purple,-1,-1,0b111111000110,X,X,X,X,X,X,"","","",X,X,"",20,13427,6491,-1,-1,9010801,18.0,11,14,7,9,10,10,0,0,4,4,4,0,0,0,4,10,10,10,10,10,10,3500,70,Confusion + Damage,4,Confusion,40,-1,33,120,187,15,189,400,375,375,100,15,-1,-1,100,1,270,Crystalen Box,-1,-1,-1,None,-1,-1,-1,None,-1,-1,-1,None
149,*,Vigoro,Vigoro,1,1,1,Red,-1,-1,0b111111000101,X,X,X,X,X,X,"","","",X,"",X,35,18629,6812,-1,-1,9014353,18.0,9,9,11,11,10,10,4,0,4,4,4,0,0,0,4,10,10,10,10,10,10,1000,70,Confusion + Damage,4,Confusion,80,-1,37,132,243,20,149,498,365,365,95,20,-1,-1,100,1,260,Paranta Seed,-1,-1,-1,None,-1,-1,-1,None,-1,-1,-1,None
150,*,Dracoslyth,Dracoslyth,3,3,1,Red,-1,-1,0b111111001111,X,X,X,X,X,X,"","",X,X,X,X,15,3757,1338,-1,-1,9006193,18.0,9,7,14,11,10,10,3,5,5,7,7,0,0,0,5,10,10,10,10,10,10,3500,-1,None,0,Poison,0,-1,39,137,172,15,154,484,344,344,95,10,-1,-1,5,1,181,Defensive Aura,1,1,258,Moonberry,-1,-1,-1,None,-1,-1,-1,None
151,*,Galcian,Galcian,1,1,4,Yellow,-1,-1,0b111111000101,X,X,X,X,X,X,"","","",X,"",X,20,29884,10387,-1,-1,9021761,18.0,9,10,10,11,9,11,0,0,0,0,0,0,0,0,0,10,10,10,10,10,10,1000,-1,None,0,Poison,0,-1,38,207,113,15,153,453,340,340,120,10,-1,-1,100,1,218,Valuan Medallion,-1,-1,-1,None,-1,-1,-1,None,-1,-1,-1,None
152,*,Ramirez,Ramirez,1,1,5,Silver,-1,-1,0b111111000101,X,X,X,X,X,X,"","","",X,"",X,15,0,0,-1,-1,9999999,18.0,10,10,10,10,10,10,0,0,0,0,0,0,0,0,0,10,10,10,10,10,10,1000,-1,None,0,Poison,0,-1,37,164,191,15,177,574,574,574,120,25,-1,-1,-1,-1,-1,None,-1,-1,-1,None,-1,-1,-1,None,-1,-1,-1,None
153,*,Ramirez,Ramirez,1,1,5,Silver,-1,-1,0b111111000111,X,X,X,X,X,X,"","","",X,X,X,20,31338,0,-1,-1,9022273,18.0,10,10,10,10,10,10,0,0,0,0,0,0,0,0,0,10,10,10,10,10,10,1000,73,Weak + Damage,8,Weak,60,-1,39,541,116,20,203,522,348,348,120,20,-1,-1,-1,-1,-1,None,-1,-1,-1,None,-1,-1,-1,None,-1,-1,-1,None
154,*,Eliminator,Eliminator,3,3,5,Silver,-1,-1,0b011111000111,"",X,X,X,X,X,"","","",X,X,X,30,18629,6812,-1,-1,9020721,18.0,10,10,10,10,11,9,0,0,4,4,4,0,0,0,4,10,10,10,10,10,10,3000,-1,None,0,Poison,0,-1,37,132,116,10,134,421,332,365,115,0,-1,-1,100,1,258,Moonberry,-1,-1,-1,None,-1,-1,-1,None,-1,-1,-1,None
155,*,Gordo,Gordo,1,1,1,Red,-1,-1,0b111111110111,X,X,X,X,X,X,X,X,"",X,X,X,5,896,485,-1,-1,9002058,18.0,9,9,11,11,10,10,0,0,10,11,11,11,0,0,10,10,10,10,10,10,10,1000,-1,None,0,Poison,0,-1,21,100,66,5,81,225,200,200,80,5,-1,-1,100,1,259,Cham,-1,-1,-1,None,-1,-1,-1,None,-1,-1,-1,None
156,*,Mad Chef,Mad Chef,1,1,1,Red,-1,-1,0b111111000111,X,X,X,X,X,X,"","","",X,X,X,15,349,188,-1,-1,9000561,18.0,9,9,11,11,10,10,0,10,10,11,11,11,0,0,10,10,10,10,10,10,10,800,4,Poison + Damage,0,Poison,70,-1,21,90,63,15,117,233,190,190,100,25,-1,-1,10,5,286,Red Sardis,20,10,288,Spiked Sunfish,30,20,287,Flying Fish,40,30,285,Sky Sardis
157,*,Ramirez,Ramirez,3,3,5,Silver,-1,-1,0b111111001101,X,X,X,X,X,X,"","",X,X,"",X,25,0,0,-1,-1,9024001,18.0,10,10,10,10,10,10,0,0,0,0,0,0,0,0,0,10,10,10,10,10,10,3500,73,Weak + Damage,8,Weak,20,-1,40,550,134,25,174,528,404,404,120,15,-1,-1,-1,-1,-1,None,-1,-1,-1,None,-1,-1,-1,None,-1,-1,-1,None
158,*,Piastol,Piastol,1,1,3,Blue,-1,-1,0b111111000111,X,X,X,X,X,X,"","","",X,X,X,30,3545,2217,-1,-1,9003928,18.0,11,9,11,10,9,10,0,0,0,0,0,0,0,0,0,10,10,10,10,10,10,1500,-1,None,0,Poison,0,-1,15,99,54,15,136,192,60,266,130,30,-1,-1,-1,-1,-1,None,-1,-1,-1,None,-1,-1,-1,None,-1,-1,-1,None
159,*,Piastol,Piastol,1,1,3,Blue,-1,-1,0b111111000111,X,X,X,X,X,X,"","","",X,X,X,30,5054,2759,-1,-1,9005039,18.0,11,9,11,10,9,10,0,0,0,0,0,0,0,0,0,10,10,10,10,10,10,1500,-1,None,0,Poison,0,-1,18,145,65,15,158,223,82,308,130,30,-1,-1,-1,-1,-1,None,-1,-1,-1,None,-1,-1,-1,None,-1,-1,-1,None
160,*,Piastol,Piastol,1,1,3,Blue,-1,-1,0b111111000111,X,X,X,X,X,X,"","","",X,X,X,30,8076,3703,-1,-1,9006178,18.0,11,9,11,10,9,10,0,0,0,0,0,0,0,0,0,10,10,10,10,10,10,1500,-1,None,0,Poison,0,-1,23,222,79,15,194,274,101,378,130,30,-1,-1,-1,-1,-1,None,-1,-1,-1,None,-1,-1,-1,None,-1,-1,-1,None
161,*,Piastol,Piastol,1,1,3,Blue,-1,-1,0b111111000111,X,X,X,X,X,X,"","","",X,X,X,30,11704,4689,-1,-1,9007086,18.0,11,9,11,10,9,10,0,0,0,0,0,0,0,0,0,10,10,10,10,10,10,1500,-1,None,0,Poison,0,-1,28,298,96,15,230,324,133,448,130,30,-1,-1,-1,-1,-1,None,-1,-1,-1,None,-1,-1,-1,None,-1,-1,-1,None
162,*,Piastol,Piastol,1,1,3,Blue,-1,-1,0b111111000111,X,X,X,X,X,X,"","","",X,X,X,30,15913,5711,-1,-1,9008557,18.0,11,9,11,10,9,10,0,0,0,0,0,0,0,0,0,10,10,10,10,10,10,1500,-1,None,0,Poison,0,-1,33,375,114,15,266,375,171,518,130,30,-1,-1,-1,-1,-1,None,-1,-1,-1,None,-1,-1,-1,None,-1,-1,-1,None
163,*,Piastol,Piastol,1,1,3,Blue,-1,-1,0b111111000111,X,X,X,X,X,X,"","","",X,X,X,31,13319,5093,-1,-1,9009166,18.0,11,9,11,10,9,10,0,0,0,0,0,0,0,0,0,10,10,10,10,10,10,1500,8,Stone + Damage,2,Stone,80,-1,30,327,108,16,269,351,108,484,131,31,-1,-1,-1,-1,-1,None,-1,-1,-1,None,-1,-1,-1,None,-1,-1,-1,None
164,*,Piastol,Piastol,1,1,3,Blue,-1,-1,0b111111000111,X,X,X,X,X,X,"","","",X,X,X,31,15913,5711,-1,-1,9010086,18.0,11,9,11,10,9,10,0,0,0,0,0,0,0,0,0,10,10,10,10,10,10,1500,8,Stone + Damage,2,Stone,80,-1,33,373,129,16,293,382,183,526,131,31,-1,-1,-1,-1,-1,None,-1,-1,-1,None,-1,-1,-1,None,-1,-1,-1,None
165,*,Piastol,Piastol,1,1,3,Blue,-1,-1,0b111111000111,X,X,X,X,X,X,"","","",X,X,X,31,20683,6764,-1,-1,9011346,18.0,11,9,11,10,9,10,0,0,0,0,0,0,0,0,0,10,10,10,10,10,10,1500,8,Stone + Damage,2,Stone,80,-1,38,450,176,16,332,434,362,598,131,31,-1,-1,-1,-1,-1,None,-1,-1,-1,None,-1,-1,-1,None,-1,-1,-1,None
166,*,Spell Warden,Spell Warden,1,1,2,Purple,-1,-1,0b111111000111,X,X,X,X,X,X,"","","",X,X,X,5,2,50,-1,-1,406,18.0,10,12,8,8,12,10,10,0,0,5,0,0,0,0,20,10,10,10,10,10,10,1500,-1,None,0,Poison,0,-1,1,0,20,5,18,36,30,104,70,25,-1,-1,100,1,244,Magic Droplet,-1,-1,-1,None,-1,-1,-1,None,-1,-1,-1,None
167,*,Spell Warden,Spell Warden,1,1,1,Red,-1,-1,0b111111000111,X,X,X,X,X,X,"","","",X,X,X,5,2,50,-1,-1,406,18.0,8,8,12,12,10,10,5,0,0,20,0,0,0,0,10,10,10,10,10,10,10,1500,-1,None,0,Poison,0,-1,1,30,20,5,18,36,30,104,70,25,-1,-1,-1,-1,-1,None,-1,-1,-1,None,-1,-1,-1,None,-1,-1,-1,None
168,*,Piastol,Piastol,1,1,3,Blue,-1,-1,0b111111000111,X,X,X,X,X,X,"","","",X,X,X,32,17754,6128,-1,-1,9010371,18.0,11,9,11,10,9,10,0,0,0,0,0,0,0,0,0,10,10,10,10,10,10,1500,8,Stone + Damage,2,Stone,80,-1,35,419,166,17,322,411,346,564,132,32,-1,-1,-1,-1,-1,None,-1,-1,-1,None,-1,-1,-1,None,-1,-1,-1,None
169,*,Piastol,Piastol,1,1,3,Blue,-1,-1,0b111111000111,X,X,X,X,X,X,"","","",X,X,X,32,20683,6764,-1,-1,9011183,18.0,11,9,11,10,9,10,0,0,0,0,0,0,0,0,0,10,10,10,10,10,10,1500,8,Stone + Damage,2,Stone,80,-1,38,467,179,17,347,443,372,608,132,32,-1,-1,-1,-1,-1,None,-1,-1,-1,None,-1,-1,-1,None,-1,-1,-1,None
170,*,Royal Guard,Royal Guard,1,1,4,Yellow,-1,-1,0b111111110111,X,X,X,X,X,X,X,X,"",X,X,X,25,6,100,-1,-1,668,18.0,12,10,8,10,6,12,20,0,0,10,0,0,0,0,5,10,10,10,10,10,10,3000,-1,None,0,Poison,0,-1,1,7,21,5,21,62,42,60,110,10,-1,-1,100,1,87,Valuan Uniform,-1,-1,-1,None,-1,-1,-1,None,-1,-1,-1,None
171,*,Kantor,Kantor,3,3,4,Yellow,-1,-1,0b111111000101,X,X,X,X,X,X,"","","",X,"",X,15,23,75,-1,-1,415,18.0,12,10,8,10,6,12,12,0,0,10,8,0,0,0,8,10,10,10,10,10,10,1500,-1,None,0,Poison,0,-1,2,19,16,15,24,55,48,68,105,15,-1,-1,-1,-1,-1,None,-1,-1,-1,None,-1,-1,-1,None,-1,-1,-1,None
172,*,Kantor,Kantor,3,3,4,Yellow,-1,-1,0b111111000101,X,X,X,X,X,X,"","","",X,"",X,15,301,597,-1,-1,2390,18.0,8,10,10,12,8,12,6,0,0,6,6,0,0,0,0,10,10,10,10,10,10,3500,-1,None,0,Poison,0,-1,8,72,126,25,39,113,135,149,105,15,-1,-1,100,1,132,Victory Mail,-1,-1,-1,None,-1,-1,-1,None,-1,-1,-1,None
173,*,Piastol,Piastol,1,1,3,Blue,-1,-1,0b111111000111,X,X,X,X,X,X,"","","",X,X,X,33,22745,7194,-1,-1,9011722,18.0,11,9,11,10,9,10,0,0,0,0,0,0,0,0,0,10,10,10,10,10,10,1500,8,Stone + Damage,2,Stone,80,-1,40,518,207,18,380,493,397,640,133,33,-1,-1,100,1,120,Light Dress,-1,-1,-1,None,-1,-1,-1,None,-1,-1,-1,None
174,*,Kantor,Kantor,3,3,4,Yellow,-1,-1,0b111111000101,X,X,X,X,X,X,"","","",X,"",X,15,301,597,-1,-1,2390,18.0,8,10,10,12,8,12,6,0,0,6,6,0,0,0,0,10,10,10,10,10,10,3500,-1,None,0,Poison,0,-1,8,72,126,25,39,113,135,149,105,15,-1,-1,-1,-1,-1,None,-1,-1,-1,None,-1,-1,-1,None,-1,-1,-1,None
175,*,Polraxis,Polraxis,1,1,1,Red,-1,-1,0b111111001111,X,X,X,X,X,X,"","",X,X,X,X,30,29,109,-1,-1,732,18.0,0,0,10,10,0,0,0,0,0,10,10,0,0,0,0,10,10,10,10,10,10,500,8,Stone + Damage,2,Stone,70,-1,9,76,76,30,56,143,451,81,120,10,-1,-1,100,1,264,Sylph Seed,-1,-1,-1,None,-1,-1,-1,None,-1,-1,-1,None
176,*,Polraxis,Polraxis,1,1,2,Purple,-1,-1,0b111111001111,X,X,X,X,X,X,"","",X,X,X,X,30,29,109,-1,-1,732,18.0,10,10,0,0,0,0,10,0,0,0,0,0,0,0,0,10,10,10,10,10,10,500,8,Stone + Damage,2,Stone,70,-1,9,76,76,30,56,143,451,81,120,10,-1,-1,100,1,136,Light Coat,-1,-1,-1,None,-1,-1,-1,None,-1,-1,-1,None
177,*,Polraxis,Polraxis,1,1,3,Blue,-1,-1,0b111111001111,X,X,X,X,X,X,"","",X,X,X,X,30,29,109,-1,-1,732,18.0,10,0,10,0,0,0,10,0,0,0,10,0,0,0,0,10,10,10,10,10,10,500,8,Stone + Damage,2,Stone,70,-1,9,76,76,30,56,143,451,81,120,10,-1,-1,-1,-1,-1,None,-1,-1,-1,None,-1,-1,-1,None,-1,-1,-1,None
178,*,Tara,Tara,1,1,0,Green,-1,-1,0b111111000111,X,X,X,X,X,X,"","","",X,X,X,40,5046,2636,-1,-1,9004857,18.0,9,9,11,11,9,11,0,0,0,0,0,0,0,0,0,10,10,10,10,10,10,1500,69,Sleep + Damage,3,Sleep,40,-1,35,124,165,30,203,378,365,187,150,20,-1,-1,100,1,251,Riselem Crystal,-1,-1,-1,None,-1,-1,-1,None,-1,-1,-1,None
179,*,Tara,Tara,1,1,0,Green,-1,-1,0b111111000111,X,X,X,X,X,X,"","","",X,X,X,41,5878,2910,-1,-1,9005298,18.0,9,9,11,11,9,11,0,0,0,0,0,0,0,0,0,10,10,10,10,10,10,1500,69,Sleep + Damage,3,Sleep,40,-1,38,134,211,31,219,479,504,201,151,21,-1,-1,100,1,251,Riselem Crystal,-1,-1,-1,None,-1,-1,-1,None,-1,-1,-1,None
180,*,Tara,Tara,1,1,0,Green,-1,-1,0b111111000111,X,X,X,X,X,X,"","","",X,X,X,42,7389,3375,-1,-1,9005984,18.0,9,9,11,11,9,11,0,0,0,0,0,0,0,0,0,10,10,10,10,10,10,1500,69,Sleep + Damage,3,Sleep,40,-1,43,150,234,32,245,564,556,225,152,22,-1,-1,100,1,251,Riselem Crystal,-1,-1,-1,None,-1,-1,-1,None,-1,-1,-1,None
181,*,Tara,Tara,1,1,0,Green,-1,-1,0b111111000111,X,X,X,X,X,X,"","","",X,X,X,43,9051,3852,-1,-1,9006679,18.0,9,9,11,11,9,11,0,0,0,0,0,0,0,0,0,10,10,10,10,10,10,1500,69,Sleep + Damage,3,Sleep,40,-1,48,166,261,33,271,680,624,249,153,23,-1,-1,100,1,251,Riselem Crystal,-1,-1,-1,None,-1,-1,-1,None,-1,-1,-1,None
182,*,Tara,Tara,1,1,0,Green,-1,-1,0b111111000111,X,X,X,X,X,X,"","","",X,X,X,44,10861,4338,-1,-1,9007543,18.0,9,9,11,11,9,11,0,0,0,0,0,0,0,0,0,10,10,10,10,10,10,1500,69,Sleep + Damage,3,Sleep,40,-1,53,182,293,34,297,798,706,273,154,24,-1,-1,100,1,251,Riselem Crystal,-1,-1,-1,None,-1,-1,-1,None,-1,-1,-1,None
183,*,Lira,Lira,1,1,0,Green,-1,-1,0b111111000111,X,X,X,X,X,X,"","","",X,X,X,5,3566,1876,-1,-1,9004183,18.0,10,10,10,11,10,10,0,0,0,0,0,0,0,0,0,10,10,10,10,10,10,1500,-1,None,0,Poison,0,-1,35,212,101,8,105,221,205,405,70,55,-1,-1,100,1,246,Aura of Valor,-1,-1,-1,None,-1,-1,-1,None,-1,-1,-1,None
184,*,Lira,Lira,1,1,0,Green,-1,-1,0b111111000111,X,X,X,X,X,X,"","","",X,X,X,6,4155,2071,-1,-1,9004505,18.0,10,10,10,11,10,10,0,0,0,0,0,0,0,0,0,10,10,10,10,10,10,1500,-1,None,0,Poison,0,-1,38,261,131,9,113,238,352,436,71,56,-1,-1,100,1,246,Aura of Valor,-1,-1,-1,None,-1,-1,-1,None,-1,-1,-1,None
185,*,Lira,Lira,1,1,0,Green,-1,-1,0b111111000111,X,X,X,X,X,X,"","","",X,X,X,7,5223,2402,-1,-1,9005086,18.0,10,10,10,11,10,10,0,0,0,0,0,0,0,0,0,10,10,10,10,10,10,1500,-1,None,0,Poison,0,-1,43,338,149,10,126,266,409,488,72,57,-1,-1,100,1,246,Aura of Valor,-1,-1,-1,None,-1,-1,-1,None,-1,-1,-1,None
186,*,Lira,Lira,1,1,0,Green,-1,-1,0b111111000111,X,X,X,X,X,X,"","","",X,X,X,8,6397,2741,-1,-1,9005574,18.0,10,10,10,11,10,10,0,0,0,0,0,0,0,0,0,10,10,10,10,10,10,1500,-1,None,0,Poison,0,-1,48,422,166,11,140,294,461,540,73,59,-1,-1,100,1,246,Aura of Valor,-1,-1,-1,None,-1,-1,-1,None,-1,-1,-1,None
187,*,Lira,Lira,1,1,0,Green,-1,-1,0b111111000111,X,X,X,X,X,X,"","","",X,X,X,9,7676,3087,-1,-1,9006085,18.0,10,10,10,11,10,10,0,0,0,0,0,0,0,0,0,10,10,10,10,10,10,1500,-1,None,0,Poison,0,-1,53,549,186,12,153,323,524,592,74,60,-1,-1,100,1,246,Aura of Valor,-1,-1,-1,None,-1,-1,-1,None,-1,-1,-1,None
188,*,Pera,Pera,1,1,0,Green,-1,-1,0b111111000111,X,X,X,X,X,X,"","","",X,X,X,10,5767,2993,-1,-1,9004766,18.0,9,10,10,11,10,10,0,0,0,0,0,0,0,0,0,10,10,10,10,10,10,1500,70,Confusion + Damage,4,Confusion,90,-1,35,113,100,15,154,312,302,302,100,5,-1,-1,100,1,296,Tropica,-1,-1,-1,None,-1,-1,-1,None,-1,-1,-1,None
189,*,Pera,Pera,1,1,0,Green,-1,-1,0b111111000111,X,X,X,X,X,X,"","","",X,X,X,11,6718,3303,-1,-1,9005121,18.0,9,10,10,11,10,10,0,0,0,0,0,0,0,0,0,10,10,10,10,10,10,1500,70,Confusion + Damage,4,Confusion,90,-1,38,134,129,16,166,339,453,325,101,6,-1,-1,100,1,296,Tropica,-1,-1,-1,None,-1,-1,-1,None,-1,-1,-1,None
190,*,Pera,Pera,1,1,0,Green,-1,-1,0b111111000111,X,X,X,X,X,X,"","","",X,X,X,12,8445,3831,-1,-1,9005690,18.0,9,10,10,11,10,10,0,0,0,0,0,0,0,0,0,10,10,10,10,10,10,1500,70,Confusion + Damage,4,Confusion,90,-1,43,168,145,17,186,383,507,364,102,7,-1,-1,100,1,296,Tropica,-1,-1,-1,None,-1,-1,-1,None,-1,-1,-1,None
191,*,Pera,Pera,1,1,0,Green,-1,-1,0b111111000111,X,X,X,X,X,X,"","","",X,X,X,13,10344,4372,-1,-1,9006250,18.0,9,10,10,11,10,10,0,0,0,0,0,0,0,0,0,10,10,10,10,10,10,1500,70,Confusion + Damage,4,Confusion,90,-1,48,203,157,18,205,429,544,403,103,8,-1,-1,100,1,296,Tropica,-1,-1,-1,None,-1,-1,-1,None,-1,-1,-1,None
192,*,Pera,Pera,1,1,0,Green,-1,-1,0b111111000111,X,X,X,X,X,X,"","","",X,X,X,14,12413,4924,-1,-1,9006796,18.0,9,10,10,11,10,10,0,0,0,0,0,0,0,0,0,10,10,10,10,10,10,1500,70,Confusion + Damage,4,Confusion,90,-1,53,233,173,19,225,473,601,442,104,9,-1,-1,100,1,296,Tropica,-1,-1,-1,None,-1,-1,-1,None,-1,-1,-1,None
193,*,Daikokuya,Daikokuya,3,3,3,Blue,-1,-1,0b011111110000,"",X,X,X,X,X,X,X,"","","","",20,12248,8950,-1,-1,9017389,35.0,10,11,9,9,11,10,0,0,0,0,0,0,0,0,0,10,10,10,10,10,10,2200,-1,None,0,Poison,0,-1,40,123,151,15,190,434,385,373,100,15,-1,-1,100,1,300,Pharax Idol,-1,-1,-1,None,-1,-1,-1,None,-1,-1,-1,None
194,*,Daikokuya,Daikokuya,3,3,3,Blue,-1,-1,0b011111110000,"",X,X,X,X,X,X,X,"","","","",21,14000,9762,-1,-1,9018707,35.0,10,11,9,9,11,10,0,0,0,0,0,0,0,0,0,10,10,10,10,10,10,2200,-1,None,0,Poison,0,-1,43,138,158,16,236,477,394,398,101,16,-1,-1,100,1,300,Pharax Idol,-1,-1,-1,None,-1,-1,-1,None,-1,-1,-1,None
195,*,Daikokuya,Daikokuya,3,3,3,Blue,-1,-1,0b011111110000,"",X,X,X,X,X,X,X,"","","","",22,17149,11139,-1,-1,9022141,35.0,10,11,9,9,11,10,0,0,0,0,0,0,0,0,0,10,10,10,10,10,10,2200,-1,None,0,Poison,0,-1,48,162,171,17,299,543,416,440,102,17,-1,-1,100,1,300,Pharax Idol,-1,-1,-1,None,-1,-1,-1,None,-1,-1,-1,None
196,*,Daikokuya,Daikokuya,3,3,3,Blue,-1,-1,0b011111110000,"",X,X,X,X,X,X,X,"","","","",23,20579,12546,-1,-1,9024098,35.0,10,11,9,9,11,10,0,0,0,0,0,0,0,0,0,10,10,10,10,10,10,2200,-1,None,0,Poison,0,-1,53,187,188,18,369,608,460,483,103,18,-1,-1,100,1,300,Pharax Idol,-1,-1,-1,None,-1,-1,-1,None,-1,-1,-1,None
197,*,Daikokuya,Daikokuya,3,3,3,Blue,-1,-1,0b011111110000,"",X,X,X,X,X,X,X,"","","","",24,24282,13979,-1,-1,9026339,35.0,10,11,9,9,11,10,0,0,0,0,0,0,0,0,0,10,10,10,10,10,10,2200,-1,None,0,Poison,0,-1,58,213,210,19,446,675,525,525,104,19,-1,-1,100,1,300,Pharax Idol,-1,-1,-1,None,-1,-1,-1,None,-1,-1,-1,None
198,*,Rupee,Rupee,1,1,1,Red,-1,-1,0b110000110000,X,X,"","","","",X,X,"","","","",0,1955,2990,-1,-1,9003071,12.0,9,9,11,11,10,10,0,0,0,0,0,0,0,0,0,10,10,10,10,10,10,1400,-1,None,0,Poison,0,-1,15,249,57,9,82,184,100,167,95,15,-1,-1,100,1,212,Captain's Hat,-1,-1,-1,None,-1,-1,-1,None,-1,-1,-1,None
199,*,Rupee,Rupee,1,1,1,Red,-1,-1,0b110000110000,X,X,"","","","",X,X,"","","","",0,2787,3722,-1,-1,9003647,12.0,9,9,11,11,10,10,0,0,0,0,0,0,0,0,0,10,10,10,10,10,10,1400,-1,None,0,Poison,0,-1,18,252,67,10,95,217,117,193,100,20,-1,-1,100,1,212,Captain's Hat,-1,-1,-1,None,-1,-1,-1,None,-1,-1,-1,None
200,*,Rupee,Rupee,1,1,1,Red,-1,-1,0b110000110000,X,X,"","","","",X,X,"","","","",0,4452,4994,-1,-1,9004279,12.0,9,9,11,11,10,10,0,0,0,0,0,0,0,0,0,10,10,10,10,10,10,1400,-1,None,0,Poison,0,-1,23,312,93,11,116,271,151,280,102,22,-1,-1,100,1,212,Captain's Hat,-1,-1,-1,None,-1,-1,-1,None,-1,-1,-1,None
201,*,Rupee,Rupee,1,1,1,Red,-1,-1,0b110000110000,X,X,"","","","",X,X,"","","","",0,8773,7703,-1,-1,9005676,12.0,9,9,11,11,10,10,0,0,0,0,0,0,0,0,0,10,10,10,10,10,10,1400,-1,None,0,Poison,0,-1,33,432,137,12,159,379,192,444,104,23,-1,-1,100,1,212,Captain's Hat,-1,-1,-1,None,-1,-1,-1,None,-1,-1,-1,None
202,*,Rupee,Rupee,1,1,1,Red,-1,-1,0b110000110000,X,X,"","","","",X,X,"","","","",0,12539,9703,-1,-1,9006361,12.0,9,9,11,11,10,10,0,0,0,0,0,0,0,0,0,10,10,10,10,10,10,1400,-1,None,0,Poison,0,-1,40,662,183,13,190,455,302,545,105,25,-1,-1,100,1,212,Captain's Hat,-1,-1,-1,None,-1,-1,-1,None,-1,-1,-1,None
203,*,,Rupee,1,1,1,Red,-1,-1,0b110000000000,X,X,"","","","","","","","","","",0,864,1838,-1,-1,2276,12.0,10,7,13,10,10,10,0,0,0,0,0,0,0,0,0,10,10,10,10,10,10,1400,-1,None,0,Poison,0,-1,10,72,49,9,60,136,106,123,95,15,-1,-1,0,1,212,Captain's Hat,-1,-1,-1,None,-1,-1,-1,None,-1,-1,-1,None
204,*,,Rupee,1,1,1,Red,-1,-1,0b110000000000,X,X,"","","","","","","","","","",0,1473,2518,-1,-1,2816,12.0,10,7,13,10,10,10,0,0,0,0,0,0,0,0,0,10,10,10,10,10,10,1400,-1,None,0,Poison,0,-1,13,90,60,10,73,168,129,149,100,20,-1,-1,0,1,212,Captain's Hat,-1,-1,-1,None,-1,-1,-1,None,-1,-1,-1,None
205,*,,Rupee,1,1,1,Red,-1,-1,0b110000000000,X,X,"","","","","","","","","","",0,2787,3722,-1,-1,3453,12.0,10,7,13,10,10,10,0,0,0,0,0,0,0,0,0,10,10,10,10,10,10,1400,-1,None,0,Poison,0,-1,18,120,86,11,95,221,172,228,102,22,-1,-1,0,1,212,Captain's Hat,-1,-1,-1,None,-1,-1,-1,None,-1,-1,-1,None
206,*,,Rupee,1,1,1,Red,-1,-1,0b110000000000,X,X,"","","","","","","","","","",0,4452,4994,-1,-1,4083,12.0,10,7,13,10,10,10,0,0,0,0,0,0,0,0,0,10,10,10,10,10,10,1400,-1,None,0,Poison,0,-1,23,150,117,12,116,276,216,324,104,23,-1,-1,0,1,212,Captain's Hat,-1,-1,-1,None,-1,-1,-1,None,-1,-1,-1,None
207,*,,Rupee,1,1,1,Red,-1,-1,0b110000000000,X,X,"","","","","","","","","","",0,6452,6324,-1,-1,4606,12.0,10,7,13,10,10,10,0,0,0,0,0,0,0,0,0,10,10,10,10,10,10,1400,-1,None,0,Poison,0,-1,28,180,142,13,138,331,261,396,105,25,-1,-1,0,1,212,Captain's Hat,-1,-1,-1,None,-1,-1,-1,None,-1,-1,-1,None
208,*,Barta,Barta,1,1,1,Red,-1,-1,0b111111000111,X,X,X,X,X,X,"","","",X,X,X,30,7454,644,-1,-1,9004341,22.0,9,9,11,11,10,10,0,0,0,0,0,0,0,0,0,10,10,10,10,10,10,1600,-1,None,0,Poison,0,-1,15,60,46,12,116,166,127,60,126,5,-1,-1,100,1,260,Paranta Seed,-1,-1,-1,None,-1,-1,-1,None,-1,-1,-1,None
209,*,Barta,Barta,1,1,1,Red,-1,-1,0b111111000111,X,X,X,X,X,X,"","","",X,X,X,31,10627,802,-1,-1,9005079,22.0,9,9,11,11,10,10,0,0,0,0,0,0,0,0,0,10,10,10,10,10,10,1600,-1,None,0,Poison,0,-1,18,70,54,13,142,234,149,70,127,6,-1,-1,100,1,260,Paranta Seed,-1,-1,-1,None,-1,-1,-1,None,-1,-1,-1,None
210,*,Barta,Barta,1,1,1,Red,-1,-1,0b111111000111,X,X,X,X,X,X,"","","",X,X,X,32,16980,1076,-1,-1,9005776,22.0,9,9,11,11,10,10,0,0,0,0,0,0,0,0,0,10,10,10,10,10,10,1600,-1,None,0,Poison,0,-1,23,86,75,14,184,308,216,86,128,7,-1,-1,100,1,260,Paranta Seed,-1,-1,-1,None,-1,-1,-1,None,-1,-1,-1,None
211,*,Barta,Barta,1,1,1,Red,-1,-1,0b111111000111,X,X,X,X,X,X,"","","",X,X,X,33,33457,1660,-1,-1,9008031,22.0,9,9,11,11,10,10,0,0,0,0,0,0,0,0,0,10,10,10,10,10,10,1600,-1,None,0,Poison,0,-1,33,118,97,15,253,403,272,118,129,8,-1,-1,100,1,260,Paranta Seed,-1,-1,-1,None,-1,-1,-1,None,-1,-1,-1,None
212,*,Barta,Barta,1,1,1,Red,-1,-1,0b111111000111,X,X,X,X,X,X,"","","",X,X,X,34,47823,2091,-1,-1,9008951,22.0,9,9,11,11,10,10,0,0,0,0,0,0,0,0,0,10,10,10,10,10,10,1600,-1,None,0,Poison,0,-1,40,140,147,16,316,459,450,140,130,9,-1,-1,100,1,260,Paranta Seed,-1,-1,-1,None,-1,-1,-1,None,-1,-1,-1,None
213,*,Vize,Vize,1,1,3,Blue,-1,-1,0b111111000111,X,X,X,X,X,X,"","","",X,X,X,10,6829,2066,-1,-1,9006757,18.0,11,9,11,10,9,10,0,0,0,0,0,0,0,0,0,10,10,10,10,10,10,1500,-1,None,0,Poison,0,-1,35,124,107,15,105,481,380,156,100,12,-1,-1,100,1,71,Tuna Cutlass,-1,-1,-1,None,-1,-1,-1,None,-1,-1,-1,None
214,*,Vize,Vize,1,1,3,Blue,-1,-1,0b111111000111,X,X,X,X,X,X,"","","",X,X,X,11,7955,2281,-1,-1,9007392,18.0,11,9,11,10,9,10,0,0,0,0,0,0,0,0,0,10,10,10,10,10,10,1500,72,Fatigue + Damage,6,Fatigue,80,-1,38,134,116,16,114,525,413,168,101,13,-1,-1,100,1,71,Tuna Cutlass,-1,-1,-1,None,-1,-1,-1,None,-1,-1,-1,None
215,*,Vize,Vize,1,1,3,Blue,-1,-1,0b111111000111,X,X,X,X,X,X,"","","",X,X,X,12,10000,2645,-1,-1,9008260,18.0,11,9,11,10,9,10,0,0,0,0,0,0,0,0,0,10,10,10,10,10,10,1500,72,Fatigue + Damage,6,Fatigue,80,-1,43,150,127,17,131,579,451,188,102,14,-1,-1,100,1,71,Tuna Cutlass,-1,-1,-1,None,-1,-1,-1,None,-1,-1,-1,None
216,*,Vize,Vize,1,1,3,Blue,-1,-1,0b111111000111,X,X,X,X,X,X,"","","",X,X,X,13,12250,3019,-1,-1,9008290,18.0,11,9,11,10,9,10,0,0,0,0,0,0,0,0,0,10,10,10,10,10,10,1500,72,Fatigue + Damage,6,Fatigue,80,-1,48,166,140,18,147,632,495,208,103,15,-1,-1,100,1,71,Tuna Cutlass,-1,-1,-1,None,-1,-1,-1,None,-1,-1,-1,None
217,*,Vize,Vize,1,1,3,Blue,-1,-1,0b111111000111,X,X,X,X,X,X,"","","",X,X,X,15,14699,3400,-1,-1,9009643,18.0,11,9,11,10,9,10,0,0,0,0,0,0,0,0,0,10,10,10,10,10,10,1500,72,Fatigue + Damage,6,Fatigue,80,-1,53,182,182,20,164,798,638,273,105,20,-1,-1,100,1,71,Tuna Cutlass,-1,-1,-1,None,-1,-1,-1,None,-1,-1,-1,None
218,*,Anita,Anita,1,1,1,Red,-1,-1,0b111111000111,X,X,X,X,X,X,"","","",X,X,X,8,5918,1852,-1,-1,9006241,18.0,9,9,11,11,10,10,0,0,0,0,0,0,0,0,0,10,10,10,10,10,10,1500,73,Weak + Damage,8,Weak,80,-1,35,278,97,10,140,403,333,249,80,10,-1,-1,100,1,72,Swirlmerang,-1,-1,-1,None,-1,-1,-1,None,-1,-1,-1,None
219,*,Anita,Anita,1,1,1,Red,-1,-1,0b111111000111,X,X,X,X,X,X,"","","",X,X,X,9,6895,2045,-1,-1,9006737,18.0,9,9,11,11,10,10,0,0,0,0,0,0,0,0,0,10,10,10,10,10,10,1500,73,Weak + Damage,8,Weak,80,-1,38,308,105,11,166,443,362,268,81,11,-1,-1,100,1,72,Swirlmerang,-1,-1,-1,None,-1,-1,-1,None,-1,-1,-1,None
220,*,Anita,Anita,1,1,1,Red,-1,-1,0b111111000111,X,X,X,X,X,X,"","","",X,X,X,10,8667,2372,-1,-1,9007677,18.0,9,9,11,11,10,10,0,0,0,0,0,0,0,0,0,10,10,10,10,10,10,1500,73,Weak + Damage,8,Weak,80,-1,43,358,119,12,203,472,413,304,82,12,-1,-1,100,1,72,Swirlmerang,-1,-1,-1,None,-1,-1,-1,None,-1,-1,-1,None
221,*,Anita,Anita,1,1,1,Red,-1,-1,0b111111000111,X,X,X,X,X,X,"","","",X,X,X,10,10616,2706,-1,-1,9008657,18.0,9,9,11,11,10,10,0,0,0,0,0,0,0,0,0,10,10,10,10,10,10,1500,73,Weak + Damage,8,Weak,80,-1,48,408,132,12,224,523,461,336,82,12,-1,-1,100,1,72,Swirlmerang,-1,-1,-1,None,-1,-1,-1,None,-1,-1,-1,None
222,*,Anita,Anita,1,1,1,Red,-1,-1,0b111111000111,X,X,X,X,X,X,"","","",X,X,X,12,12739,3048,-1,-1,9009314,18.0,9,9,11,11,10,10,0,0,0,0,0,0,0,0,0,10,10,10,10,10,10,1500,73,Weak + Damage,8,Weak,80,-1,53,458,153,14,307,608,547,373,85,15,-1,-1,100,1,72,Swirlmerang,-1,-1,-1,None,-1,-1,-1,None,-1,-1,-1,None
223,*,Faina,Faina,1,1,4,Yellow,-1,-1,0b110000110111,X,X,"","","","",X,X,"",X,X,X,0,4325,1282,-1,-1,9005743,18.0,9,10,10,11,9,11,0,0,0,0,0,0,0,0,0,10,10,10,10,10,10,1500,-1,None,0,Poison,0,-1,35,386,100,8,70,286,293,312,50,8,-1,-1,100,1,121,Focus Robe,-1,-1,-1,None,-1,-1,-1,None,-1,-1,-1,None
224,*,Faina,Faina,1,1,4,Yellow,-1,-1,0b110000110111,X,X,"","","","",X,X,"",X,X,X,0,5039,1415,-1,-1,9006361,18.0,9,10,10,11,9,11,0,0,0,0,0,0,0,0,0,10,10,10,10,10,10,1500,-1,None,0,Poison,0,-1,38,450,110,9,75,308,329,336,51,8,-1,-1,100,1,121,Focus Robe,-1,-1,-1,None,-1,-1,-1,None,-1,-1,-1,None
225,*,Faina,Faina,1,1,4,Yellow,-1,-1,0b110000110111,X,X,"","","","",X,X,"",X,X,X,0,6334,1642,-1,-1,9007261,18.0,9,10,10,11,9,11,0,0,0,0,0,0,0,0,0,10,10,10,10,10,10,1500,-1,None,0,Poison,0,-1,43,551,129,10,84,345,391,383,52,8,-1,-1,100,1,121,Focus Robe,-1,-1,-1,None,-1,-1,-1,None,-1,-1,-1,None
226,*,Faina,Faina,1,1,4,Yellow,-1,-1,0b110000110111,X,X,"","","","",X,X,"",X,X,X,0,7758,1873,-1,-1,9008250,18.0,9,10,10,11,9,11,0,0,0,0,0,0,0,0,0,10,10,10,10,10,10,1500,-1,None,0,Poison,0,-1,48,659,142,11,93,382,432,424,53,9,-1,-1,100,1,121,Focus Robe,-1,-1,-1,None,-1,-1,-1,None,-1,-1,-1,None
227,*,Faina,Faina,1,1,4,Yellow,-1,-1,0b110000110111,X,X,"","","","",X,X,"",X,X,X,0,9310,2110,-1,-1,9008857,18.0,9,10,10,11,9,11,0,0,0,0,0,0,0,0,0,10,10,10,10,10,10,1500,-1,None,0,Poison,0,-1,53,773,162,12,102,421,501,474,55,10,-1,-1,100,1,121,Focus Robe,-1,-1,-1,None,-1,-1,-1,None,-1,-1,-1,None
228,*,Lord Bane,Lord Bane,1,1,1,Red,-1,-1,0b111111000111,X,X,X,X,X,X,"","","",X,X,X,34,5541,6524,-1,-1,9010883,18.0,9,9,11,11,10,10,0,0,0,0,0,0,0,0,0,10,10,10,10,10,10,2200,-1,None,0,Poison,0,-1,40,140,118,137,205,420,387,204,115,34,-1,-1,10,1,263,Dexus Seed,33,1,264,Sylph Seed,50,1,265,Vidal Seed,100,1,266,Magus Seed
229,*,Lord Bane,Lord Bane,1,1,1,Red,-1,-1,0b111111000111,X,X,X,X,X,X,"","","",X,X,X,35,6334,7116,-1,-1,9011788,18.0,9,9,11,11,10,10,0,0,0,0,0,0,0,0,0,10,10,10,10,10,10,2200,-1,None,0,Poison,0,-1,43,150,126,138,236,452,413,218,116,35,-1,-1,10,1,263,Dexus Seed,33,1,264,Sylph Seed,50,1,265,Vidal Seed,100,1,266,Magus Seed
230,*,Lord Bane,Lord Bane,1,1,1,Red,-1,-1,0b111111000111,X,X,X,X,X,X,"","","",X,X,X,36,7758,8120,-1,-1,9013029,18.0,9,9,11,11,10,10,0,0,0,0,0,0,0,0,0,10,10,10,10,10,10,2200,-1,None,0,Poison,0,-1,48,166,141,139,280,505,465,241,117,36,-1,-1,10,1,263,Dexus Seed,33,1,264,Sylph Seed,50,1,265,Vidal Seed,100,1,266,Magus Seed
231,*,Lord Bane,Lord Bane,1,1,1,Red,-1,-1,0b111111000111,X,X,X,X,X,X,"","","",X,X,X,37,9310,9145,-1,-1,9014462,18.0,9,9,11,11,10,10,0,0,0,0,0,0,0,0,0,10,10,10,10,10,10,2200,-1,None,0,Poison,0,-1,53,182,154,140,328,558,510,264,118,37,-1,-1,10,1,263,Dexus Seed,33,1,264,Sylph Seed,50,1,265,Vidal Seed,100,1,266,Magus Seed
232,*,Lord Bane,Lord Bane,1,1,1,Red,-1,-1,0b111111000111,X,X,X,X,X,X,"","","",X,X,X,38,10985,10190,-1,-1,9015611,18.0,9,9,11,11,10,10,0,0,0,0,0,0,0,0,0,10,10,10,10,10,10,2200,-1,None,0,Poison,0,-1,58,198,172,140,379,612,565,297,120,38,-1,-1,10,1,263,Dexus Seed,33,1,264,Sylph Seed,50,1,265,Vidal Seed,100,1,266,Magus Seed
233,*,Gunarm,Gunarm,3,3,4,Yellow,-1,-1,0b010000110000,"",X,"","","","",X,X,"","","","",0,8452,4916,-1,-1,9008052,40.0,10,10,10,10,9,11,0,0,0,0,0,0,0,0,0,10,10,10,10,10,10,2500,-1,None,0,Poison,0,-1,30,108,149,21,73,383,367,81,110,0,-1,-1,100,1,119,Berzerker Mail,-1,-1,-1,None,-1,-1,-1,None,-1,-1,-1,None
234,*,Gunarm,Gunarm,3,3,4,Yellow,-1,-1,0b010000110000,"",X,"","","","",X,X,"","","","",0,10099,5511,-1,-1,9008796,40.0,10,10,10,10,9,11,0,0,0,0,0,0,0,0,0,10,10,10,10,10,10,2500,-1,None,0,Poison,0,-1,33,118,170,22,86,407,423,88,111,0,-1,-1,100,1,119,Berzerker Mail,-1,-1,-1,None,-1,-1,-1,None,-1,-1,-1,None
235,*,Gunarm,Gunarm,3,3,4,Yellow,-1,-1,0b010000110000,"",X,"","","","",X,X,"","","","",0,13126,6528,-1,-1,9009792,40.0,10,10,10,10,9,11,0,0,0,0,0,0,0,0,0,10,10,10,10,10,10,2500,-1,None,0,Poison,0,-1,38,134,201,23,98,438,504,100,112,0,-1,-1,100,1,119,Berzerker Mail,-1,-1,-1,None,-1,-1,-1,None,-1,-1,-1,None
236,*,Gunarm,Gunarm,3,3,4,Yellow,-1,-1,0b010000110000,"",X,"","","","",X,X,"","","","",0,17945,7997,-1,-1,9011496,40.0,10,10,10,10,9,11,0,0,0,0,0,0,0,0,0,10,10,10,10,10,10,2500,-1,None,0,Poison,0,-1,45,156,258,24,123,533,658,117,113,0,-1,-1,100,1,119,Berzerker Mail,-1,-1,-1,None,-1,-1,-1,None,-1,-1,-1,None
237,*,Gunarm,Gunarm,3,3,4,Yellow,-1,-1,0b010000110000,"",X,"","","","",X,X,"","","","",0,23419,9512,-1,-1,9015409,40.0,10,10,10,10,9,11,0,0,0,0,0,0,0,0,0,10,10,10,10,10,10,2500,-1,None,0,Poison,0,-1,52,179,295,25,151,710,707,179,115,0,-1,-1,100,1,119,Berzerker Mail,-1,-1,-1,None,-1,-1,-1,None,-1,-1,-1,None
238,*,Vigoro,Vigoro,1,1,1,Red,-1,-1,0b111111000101,X,X,X,X,X,X,"","","",X,"",X,60,44296,11974,-1,-1,9030471,18.0,9,9,11,11,10,10,0,0,0,0,0,0,0,0,0,10,10,10,10,10,10,1500,70,Confusion + Damage,4,Confusion,95,-1,60,204,426,20,230,904,716,563,95,20,-1,-1,100,1,213,Mesh Tights,-1,-1,-1,None,-1,-1,-1,None,-1,-1,-1,None
239,*,Vigoro,Vigoro,1,1,1,Red,-1,-1,0b111111000101,X,X,X,X,X,X,"","","",X,"",X,70,51290,13181,-1,-1,9037486,18.0,9,9,11,11,10,10,0,0,0,0,0,0,0,0,0,10,10,10,10,10,10,1500,70,Confusion + Damage,4,Confusion,95,-1,65,220,458,21,273,952,756,618,96,21,-1,-1,100,1,213,Mesh Tights,-1,-1,-1,None,-1,-1,-1,None,-1,-1,-1,None
240,*,Vigoro,Vigoro,1,1,1,Red,-1,-1,0b111111000101,X,X,X,X,X,X,"","","",X,"",X,80,58735,14407,-1,-1,9045604,18.0,9,9,11,11,10,10,0,0,0,0,0,0,0,0,0,10,10,10,10,10,10,1500,70,Confusion + Damage,4,Confusion,95,-1,70,236,487,22,319,1002,793,668,97,22,-1,-1,100,1,213,Mesh Tights,-1,-1,-1,None,-1,-1,-1,None,-1,-1,-1,None
241,*,Vigoro,Vigoro,1,1,1,Red,-1,-1,0b111111000101,X,X,X,X,X,X,"","","",X,"",X,99,9417,16911,-1,-1,9058136,18.0,9,9,11,11,10,10,0,0,0,0,0,0,0,0,0,10,10,10,10,10,10,1500,70,Confusion + Damage,4,Confusion,95,-1,80,268,555,25,423,1126,893,772,100,25,-1,-1,100,1,213,Mesh Tights,-1,-1,-1,None,-1,-1,-1,None,-1,-1,-1,None
242,*,Vigoro,Vigoro,1,1,1,Red,-1,-1,0b111111000101,X,X,X,X,X,X,"","","",X,"",X,99,44967,21839,-1,-1,9072818,18.0,9,9,11,11,10,10,0,0,0,0,0,0,0,0,0,10,10,10,10,10,10,1500,70,Confusion + Damage,4,Confusion,95,-1,99,329,659,25,519,1910,1030,947,100,25,-1,-1,100,1,213,Mesh Tights,-1,-1,-1,None,-1,-1,-1,None,-1,-1,-1,None
243,*,DeathHound,DeathHound,1,1,0,Green,-1,-1,0b111111000111,X,X,X,X,X,X,"","","",X,X,X,22,2175,818,-1,-1,9003680,18.0,10,20,5,5,20,10,9,0,10,9,9,0,0,0,11,10,10,10,10,10,10,500,72,Fatigue + Damage,6,Fatigue,80,-1,23,115,45,12,116,221,58,216,110,22,-1,-1,-1,-1,-1,None,-1,-1,-1,None,-1,-1,-1,None,-1,-1,-1,None
244,*,DeathHound,DeathHound,1,1,0,Green,-1,-1,0b111111000111,X,X,X,X,X,X,"","","",X,X,X,23,5569,1494,-1,-1,9005692,18.0,10,20,5,5,20,10,9,0,10,9,9,0,0,0,11,10,10,10,10,10,10,500,72,Fatigue + Damage,6,Fatigue,80,-1,38,209,90,13,184,354,201,339,111,23,-1,-1,-1,-1,-1,None,-1,-1,-1,None,-1,-1,-1,None,-1,-1,-1,None
245,*,DeathHound,DeathHound,1,1,0,Green,-1,-1,0b111111000111,X,X,X,X,X,X,"","","",X,X,X,24,7000,1733,-1,-1,9006338,18.0,10,20,5,5,20,10,9,0,10,9,9,0,0,0,11,10,10,10,10,10,10,500,72,Fatigue + Damage,6,Fatigue,80,-1,43,240,125,24,208,409,372,383,112,24,-1,-1,-1,-1,-1,None,-1,-1,-1,None,-1,-1,-1,None,-1,-1,-1,None
246,*,DeathHound,DeathHound,1,1,0,Green,-1,-1,0b111111000111,X,X,X,X,X,X,"","","",X,X,X,25,8575,1978,-1,-1,9006965,18.0,10,20,5,5,20,10,9,0,10,9,9,0,0,0,11,10,10,10,10,10,10,500,72,Fatigue + Damage,6,Fatigue,80,-1,48,272,152,25,232,468,486,428,113,25,-1,-1,-1,-1,-1,None,-1,-1,-1,None,-1,-1,-1,None,-1,-1,-1,None
247,*,,Youjin,1,1,3,Blue,-1,-1,0b111111000101,X,X,X,X,X,X,"","","",X,"",X,20,817,312,-1,-1,2273,18.0,11,9,11,10,9,10,11,10,10,10,11,0,0,5,9,10,10,10,10,10,10,800,-1,None,0,Poison,0,-1,48,166,124,25,205,439,416,332,110,10,-1,-1,-1,-1,-1,None,-1,-1,-1,None,-1,-1,-1,None,-1,-1,-1,None
248,*,Youjin,Youjin,1,1,3,Blue,-1,-1,0b111111000101,X,X,X,X,X,X,"","","",X,"",X,20,1157,391,-1,-1,9005236,18.0,10,9,10,10,9,10,11,10,10,10,11,0,0,0,9,10,10,10,10,10,10,400,-1,None,0,Poison,0,-1,58,198,132,25,245,707,401,396,110,10,-1,-1,5,1,291,Gold Pollen,-1,-1,-1,None,-1,-1,-1,None,-1,-1,-1,None
249,*,,Boo,1,1,3,Blue,-1,-1,0b111111000111,X,X,X,X,X,X,"","","",X,X,X,10,3675,1145,-1,-1,2098,18.0,11,9,11,10,9,10,11,10,10,10,11,0,0,5,9,10,10,10,10,10,10,800,-1,None,0,Poison,0,-1,48,166,124,20,243,426,416,332,100,20,-1,-1,-1,-1,-1,None,-1,-1,-1,None,-1,-1,-1,None,-1,-1,-1,None
250,*,Boo,Boo,1,1,3,Blue,-1,-1,0b111111000111,X,X,X,X,X,X,"","","",X,X,X,10,5204,1437,-1,-1,9005223,18.0,10,9,10,10,9,10,11,10,10,10,11,0,0,0,9,10,10,10,10,10,10,400,-1,None,0,Poison,0,-1,58,198,129,20,290,654,381,396,100,20,-1,-1,5,1,291,Gold Pollen,-1,-1,-1,None,-1,-1,-1,None,-1,-1,-1,None
251,*,Zivilyn Bane,Zivilyn Bane,1,1,1,Red,-1,-1,0b111111000111,X,X,X,X,X,X,"","","",X,X,X,24,817,1145,-1,-1,9002526,18.0,9,9,11,11,10,10,4,4,4,4,4,0,0,0,4,10,10,10,10,10,10,400,-1,None,0,Poison,0,-1,48,166,149,24,205,381,416,332,115,24,-1,-1,-1,-1,-1,None,-1,-1,-1,None,-1,-1,-1,None,-1,-1,-1,None
252,*,Zivilyn Bane,Zivilyn Bane,1,1,1,Red,-1,-1,0b111111000111,X,X,X,X,X,X,"","","",X,X,X,24,1157,1437,-1,-1,9003752,18.0,9,9,11,11,10,10,4,4,4,4,4,0,0,0,4,10,10,10,10,10,10,400,-1,None,0,Poison,0,-1,58,198,178,24,245,458,496,396,115,24,-1,-1,-1,-1,-1,None,-1,-1,-1,None,-1,-1,-1,None,-1,-1,-1,None
253,*,,Frock,1,1,4,Yellow,-1,-1,0b111111000101,X,X,X,X,X,X,"","","",X,"",X,7,491,275,-1,-1,879,5.0,10,10,10,10,10,10,0,0,0,0,0,0,0,5,0,10,10,10,10,10,10,70,-1,None,0,Poison,0,-1,38,134,103,7,151,257,235,386,72,28,-1,-1,-1,-1,-1,None,-1,-1,-1,None,-1,-1,-1,None,-1,-1,-1,None
254,*,Frock,Frock,1,1,4,Yellow,-1,-1,0b111111110101,X,X,X,X,X,X,X,X,"",X,"",X,9,971,429,-1,-1,9000780,5.0,9,10,10,11,9,11,0,0,0,0,0,0,0,0,0,10,10,10,10,10,10,70,-1,None,0,Poison,0,-1,55,188,125,60,220,417,212,542,75,32,-1,-1,5,1,495,Thermal Grease,-1,-1,-1,None,-1,-1,-1,None,-1,-1,-1,None
