Entry ID,[Filter],Entry JP Name,[Entry EU Name],Width,Depth,Element ID,[Element Name],Pad 1,Pad 2,Movement Flags,[May Dodge],[Unk Damage],[Unk Ranged],[Unk Melee],[Ranged Atk],[Melee Atk],[Ranged Only],[Take Cover],[In Air],[On Ground],[Reserved],[May Move],Counter%,EXP,Gold,Pad 3,Pad 4,MAXHP,Unk 1,Green,Red,Purple,Blue,Yellow,Silver,Poison,Unconscious,Stone,Sleep,Confusion,Silence,Fatigue,Revival,Weak,State 10,State 11,State 12,State 13,State 14,State 15,Danger,Effect ID,[Effect Name],State ID,[State Name],State Miss%,Pad 5,Level,Will,Vigor,Agile,Quick,Attack,Defense,MagDef,Hit%,Dodge%,Pad 6,Pad 7,Item 1 Prob,Item 1 Amount,Item 1 ID,[Item 1 Name],Item 2 Prob,Item 2 Amount,Item 2 ID,[Item 2 Name],Item 3 Prob,Item 3 Amount,Item 3 ID,[Item 3 Name],Item 4 Prob,Item 4 Amount,Item 4 ID,[Item 4 Name]
0,*,Soldier L02,Ferratus L02,1,1,4,Yellow,-1,-1,0b111111000111,X,X,X,X,X,X,"","","",X,X,X,10,1,13,-1,-1,70,18.0,12,10,8,10,8,12,12,12,10,10,8,0,0,0,8,10,10,10,10,10,10,800,-1,None,0,Poison,0,-1,2,20,16,10,24,51,45,43,95,15,-1,-1,1,1,273,Electri Box,1,1,258,Moonberry,-1,-1,-1,None,-1,-1,-1,None
0,epevent.evp,Soldier L02,Ferratus L02,1,1,4,Yellow,-1,-1,0b111111000111,X,X,X,X,X,X,"","","",X,X,X,10,0,13,-1,-1,60,18.0,12,10,8,10,8,12,12,12,10,10,8,0,0,0,8,10,10,10,10,10,10,800,-1,None,0,Poison,0,-1,1,16,13,10,20,45,42,40,95,15,-1,-1,-1,-1,-1,None,-1,-1,-1,None,-1,-1,-1,None,-1,-1,-1,None
1,*,Guard,Praeses,1,1,4,Yellow,-1,-1,0b111111000101,X,X,X,X,X,X,"","","",X,"",X,15,1,9,-1,-1,38,18.0,12,10,8,10,8,12,12,12,10,10,8,0,0,0,8,10,10,10,10,10,10,800,-1,None,0,Poison,0,-1,2,20,15,15,25,44,38,38,105,15,-1,-1,5,1,240,Sacri Crystal,1,1,258,Moonberry,-1,-1,-1,None,-1,-1,-1,None
1,epevent.evp,Guard,Praeses,1,1,4,Yellow,-1,-1,0b111111000101,X,X,X,X,X,X,"","","",X,"",X,15,0,9,-1,-1,38,18.0,12,10,8,10,8,12,12,12,10,10,8,0,0,0,8,10,10,10,10,10,10,800,-1,None,0,Poison,0,-1,1,16,12,15,21,38,38,38,105,15,-1,-1,-1,-1,-1,None,-1,-1,-1,None,-1,-1,-1,None,-1,-1,-1,None
2,*,Seeker,Latro,1,1,5,Silver,-1,-1,0b111111000111,X,X,X,X,X,X,"","","",X,X,X,15,1,62,-1,-1,138,18.0,6,10,10,12,14,8,0,0,10,0,0,0,0,0,20,10,10,10,10,10,10,500,-1,None,0,Poison,0,-1,3,30,25,5,29,78,73,84,90,10,-1,-1,5,1,240,Sacri Crystal,1,1,258,Moonberry,-1,-1,-1,None,-1,-1,-1,None
2,epevent.evp,Seeker,Latro,1,1,5,Silver,-1,-1,0b111111000111,X,X,X,X,X,X,"","","",X,X,X,15,1,62,-1,-1,221,18.0,6,10,10,12,14,8,0,0,10,0,0,0,0,0,20,10,10,10,10,10,10,500,-1,None,0,Poison,0,-1,3,30,25,5,29,78,73,84,90,10,-1,-1,-1,-1,-1,None,-1,-1,-1,None,-1,-1,-1,None,-1,-1,-1,None
3,*,Marocca,Marocca,1,1,1,Red,-1,-1,0b111111110111,X,X,X,X,X,X,X,X,"",X,X,X,5,1,16,-1,-1,117,18.0,8,8,12,12,10,10,8,10,10,12,12,0,0,0,10,10,10,10,10,10,10,500,-1,None,0,Poison,0,-1,3,25,5,20,20,63,81,55,80,5,-1,-1,3,1,170,Marocca's Shell,1,1,258,Moonberry,-1,-1,-1,None,-1,-1,-1,None
4,*,Grouder,Grouder,3,3,2,Purple,-1,-1,0b111111001111,X,X,X,X,X,X,"","",X,X,X,X,25,2,48,-1,-1,586,18.0,10,12,8,8,12,10,40,10,10,5,5,5,0,0,40,10,10,10,10,10,10,1000,70,Confusion + Damage,4,Confusion,40,-1,3,36,42,10,27,69,74,87,80,5,-1,-1,3,1,186,Eye of Truth,1,1,258,Moonberry,-1,-1,-1,None,-1,-1,-1,None
4,epevent.evp,Grouder,Grouder,3,3,2,Purple,-1,-1,0b111111001111,X,X,X,X,X,X,"","",X,X,X,X,25,2,48,-1,-1,586,18.0,10,12,8,8,12,10,40,10,10,5,5,5,0,0,40,10,10,10,10,10,10,1000,70,Confusion + Damage,4,Confusion,40,-1,3,36,42,10,27,69,74,87,80,5,-1,-1,100,1,21,Throwing Blade,-1,-1,-1,None,-1,-1,-1,None,-1,-1,-1,None
5,*,Enforcer L08,Enforca L08,1,1,4,Yellow,-1,-1,0b111111000111,X,X,X,X,X,X,"","","",X,X,X,10,7,144,-1,-1,1348,18.0,12,10,8,10,8,12,12,0,0,10,8,0,0,0,0,10,10,10,10,10,10,500,-1,None,0,Poison,0,-1,8,75,71,10,112,121,120,114,95,15,-1,-1,-1,-1,-1,None,-1,-1,-1,None,-1,-1,-1,None,-1,-1,-1,None
6,*,Destroyer L13a,Eversor L13a,1,1,4,Yellow,-1,-1,0b110000110111,X,X,"","","","",X,X,"",X,X,X,0,11,70,-1,-1,254,18.0,12,10,8,10,8,12,0,0,10,0,0,0,0,0,8,10,10,10,10,10,10,800,-1,None,0,Poison,0,-1,13,77,79,0,107,152,300,308,0,25,-1,-1,5,1,494,Gear Grease,1,1,258,Moonberry,-1,-1,-1,None,-1,-1,-1,None
7,*,Spell Warden L05,Venificus L05,1,1,4,Yellow,-1,-1,0b111111110101,X,X,X,X,X,X,X,X,"",X,"",X,5,1,54,-1,-1,483,18.0,12,10,8,10,8,12,20,0,0,10,0,0,0,0,5,10,10,10,10,10,10,500,-1,None,0,Poison,0,-1,5,64,30,5,43,70,80,140,70,25,-1,-1,5,1,244,Magic Droplet,-1,-1,-1,None,-1,-1,-1,None,-1,-1,-1,None
8,*,Flestik,Flestik,1,1,3,Blue,-1,-1,0b111111000111,X,X,X,X,X,X,"","","",X,X,X,15,1,18,-1,-1,68,18.0,12,6,14,10,10,8,12,8,10,0,12,0,0,0,10,10,10,10,10,10,10,500,69,Sleep + Damage,3,Sleep,40,-1,3,28,19,10,32,61,70,70,85,5,-1,-1,5,1,249,Curia Crystal,1,1,258,Moonberry,-1,-1,-1,None,-1,-1,-1,None
9,*,Basallish,Basallish,1,1,3,Blue,-1,-1,0b111111000111,X,X,X,X,X,X,"","","",X,X,X,20,1,24,-1,-1,135,18.0,14,6,14,10,10,6,12,8,10,10,12,0,0,0,10,10,10,10,10,10,10,500,-1,None,0,Poison,0,-1,4,38,28,15,33,80,106,65,100,20,-1,-1,1,1,267,Pyri Box,1,1,258,Moonberry,-1,-1,-1,None,-1,-1,-1,None
10,*,Mind Stealer,Dementis,1,1,0,Green,-1,-1,0b111111000101,X,X,X,X,X,X,"","","",X,"",X,15,1,41,-1,-1,825,18.0,0,20,10,5,5,20,0,20,10,5,10,0,0,0,5,10,10,10,10,10,10,800,4,Poison + Damage,0,Poison,60,-1,4,40,54,15,23,99,87,70,75,5,-1,-1,5,1,249,Curia Crystal,1,1,258,Moonberry,-1,-1,-1,None,-1,-1,-1,None
11,*,Walrenk,Walrenk,3,3,2,Purple,-1,-1,0b111111000111,X,X,X,X,X,X,"","","",X,X,X,15,10,97,-1,-1,1251,18.0,10,12,6,8,14,10,10,10,10,8,6,8,0,0,14,10,10,10,10,10,10,500,-1,None,0,Poison,0,-1,12,110,64,15,68,155,179,117,80,5,-1,-1,1,1,279,Panika Box,1,1,258,Moonberry,-1,-1,-1,None,-1,-1,-1,None
12,*,Varkris,Varkris,1,1,3,Blue,-1,-1,0b111111001111,X,X,X,X,X,X,"","",X,X,X,X,10,4,62,-1,-1,212,18.0,12,8,12,10,10,8,12,8,10,10,12,12,0,0,10,10,10,10,10,10,10,500,-1,None,0,Poison,0,-1,8,80,56,5,47,111,116,93,100,25,-1,-1,3,1,173,Hunter's Hand,1,1,258,Moonberry,-1,-1,-1,None,-1,-1,-1,None
13,*,Azbeth,Azbeth,1,1,3,Blue,-1,-1,0b111111111111,X,X,X,X,X,X,X,X,X,X,X,X,10,2,35,-1,-1,145,18.0,12,8,12,10,10,8,12,0,10,10,12,12,0,0,10,10,10,10,10,10,10,500,-1,None,0,Poison,0,-1,6,50,36,15,48,87,97,86,100,20,-1,-1,3,1,183,Silvite Ring,1,1,258,Moonberry,-1,-1,-1,None,-1,-1,-1,None
14,*,Zivilyn Bane L06,Zivilyn Bane L06,1,1,1,Red,-1,-1,0b111111000111,X,X,X,X,X,X,"","","",X,X,X,20,12,569,-1,-1,1839,18.0,8,8,12,12,10,10,8,0,0,12,12,0,0,0,10,10,10,10,10,10,10,800,-1,None,0,Poison,0,-1,6,57,51,20,43,118,95,149,115,20,-1,-1,1,1,263,Dexus Seed,5,1,260,Paranta Seed,10,1,261,Icyl Seed,30,1,262,Zaal Seed
15,*,Ghastling,Ghastling,1,1,3,Blue,-1,-1,0b111111000111,X,X,X,X,X,X,"","","",X,X,X,5,1,8,-1,-1,83,18.0,12,6,14,10,10,8,12,8,10,10,14,0,0,0,10,10,10,10,10,10,10,500,-1,None,0,Poison,0,-1,3,25,64,5,30,57,64,64,90,15,-1,-1,5,1,240,Sacri Crystal,1,1,258,Moonberry,-1,-1,-1,None,-1,-1,-1,None
16,*,Florast,Florast,1,1,2,Purple,-1,-1,0b111111111111,X,X,X,X,X,X,X,X,X,X,X,X,10,301,72,-1,-1,9000099,18.0,11,14,7,9,10,10,11,10,10,9,5,10,0,0,10,10,10,10,10,10,10,400,70,Confusion + Damage,4,Confusion,70,-1,28,132,76,10,115,256,204,256,75,10,-1,-1,1,1,190,Constitution Gem,1,1,258,Moonberry,-1,-1,-1,None,-1,-1,-1,None
17,*,Tsirat,Tsirat,1,1,4,Yellow,-1,-1,0b111111001111,X,X,X,X,X,X,"","",X,X,X,X,15,1,21,-1,-1,117,18.0,12,10,8,10,8,12,12,20,10,10,5,5,0,0,5,10,10,10,10,10,10,500,-1,None,0,Poison,0,-1,4,40,70,15,40,68,76,76,90,20,-1,-1,1,1,273,Electri Box,1,1,258,Moonberry,-1,-1,-1,None,-1,-1,-1,None
18,*,Thorkryn,Thorkryn,1,1,3,Blue,-1,-1,0b111111001111,X,X,X,X,X,X,"","",X,X,X,X,10,1,30,-1,-1,400,18.0,12,8,14,10,10,6,12,6,6,10,14,0,0,0,10,10,10,10,10,10,10,800,-1,None,0,Poison,0,-1,4,35,29,10,33,71,55,55,85,25,-1,-1,3,1,168,Throkryn's Scale,1,1,258,Moonberry,-1,-1,-1,None,-1,-1,-1,None
19,*,Scorfly,Scorfly,1,1,2,Purple,-1,-1,0b111111001111,X,X,X,X,X,X,"","",X,X,X,X,25,1,44,-1,-1,173,18.0,10,14,6,6,14,10,10,10,16,4,4,0,0,0,16,10,10,10,10,10,10,500,71,Silence + Damage,5,Silence,40,-1,4,36,30,25,36,77,92,55,95,15,-1,-1,3,1,187,Revered Voice,1,1,258,Moonberry,-1,-1,-1,None,-1,-1,-1,None
20,*,Centralk,Centralk,1,1,3,Blue,-1,-1,0b111111000111,X,X,X,X,X,X,"","","",X,X,X,15,6,65,-1,-1,192,18.0,12,6,14,10,10,8,12,8,10,0,12,0,0,0,10,10,10,10,10,10,10,500,69,Sleep + Damage,3,Sleep,40,-1,12,86,57,10,73,149,175,166,85,160,-1,-1,3,1,185,Wind Gem Ring,1,1,258,Moonberry,-1,-1,-1,None,-1,-1,-1,None
21,*,Feralisk,Feralisk,1,1,0,Green,-1,-1,0b111111000111,X,X,X,X,X,X,"","","",X,X,X,20,9,78,-1,-1,423,18.0,10,20,10,5,5,20,10,20,10,5,10,10,0,0,5,10,10,10,10,10,10,500,-1,None,0,Poison,0,-1,12,138,72,10,70,152,173,130,105,20,-1,-1,3,1,128,Daccat's Armor,1,1,258,Moonberry,-1,-1,-1,None,-1,-1,-1,None
22,*,Ferlith,Ferlith,1,1,0,Green,-1,-1,0b111111000111,X,X,X,X,X,X,"","","",X,X,X,20,3,109,-1,-1,397,18.0,10,20,10,5,5,20,10,20,10,5,10,10,0,0,5,10,10,10,10,10,10,500,-1,None,0,Poison,0,-1,9,124,72,10,60,124,120,120,105,20,-1,-1,3,1,134,Female Armor,1,1,258,Moonberry,-1,-1,-1,None,-1,-1,-1,None
23,*,Crylhound,Crylhound,1,1,4,Yellow,-1,-1,0b111111000111,X,X,X,X,X,X,"","","",X,X,X,15,1,33,-1,-1,154,18.0,12,10,8,10,8,12,14,14,10,10,6,6,0,0,6,10,10,10,10,10,10,500,-1,None,0,Poison,0,-1,4,50,23,15,36,90,86,101,110,30,-1,-1,3,1,172,Crylhound's Claw,1,1,258,Moonberry,-1,-1,-1,None,-1,-1,-1,None
24,*,Magma Tiki,Magma Tiki,1,1,1,Red,-1,-1,0b011111000000,"",X,X,X,X,X,"","","","","","",5,3,118,-1,-1,630,18.0,8,6,14,12,10,10,0,10,0,12,0,0,0,0,10,10,10,10,10,10,10,500,8,Stone + Damage,2,Stone,70,-1,6,57,57,5,43,108,101,98,85,0,-1,-1,3,1,184,Gem of Fluidity,1,1,258,Moonberry,-1,-1,-1,None,-1,-1,-1,None
25,*,Salamander,Salamander,1,1,1,Red,-1,-1,0b111111000111,X,X,X,X,X,X,"","","",X,X,X,10,2,47,-1,-1,194,18.0,8,6,14,12,10,10,8,10,6,12,14,14,0,0,10,10,10,10,10,10,10,500,-1,None,0,Poison,0,-1,6,96,48,5,42,100,101,144,90,5,-1,-1,3,1,133,Flame Mantle,1,1,258,Moonberry,-1,-1,-1,None,-1,-1,-1,None
26,*,Baroo,Baroo,1,1,1,Red,-1,-1,0b111111000111,X,X,X,X,X,X,"","","",X,X,X,20,7,48,-1,-1,192,18.0,8,8,12,12,10,10,8,10,10,12,12,0,0,0,10,10,10,10,10,10,10,500,-1,None,0,Poison,0,-1,12,86,64,15,72,162,227,165,100,20,-1,-1,1,1,269,Crystales Box,1,1,258,Moonberry,-1,-1,-1,None,-1,-1,-1,None
27,*,Dung Fly,Oestrus,1,1,3,Blue,-1,-1,0b111111110101,X,X,X,X,X,X,X,X,"",X,"",X,10,2,68,-1,-1,222,18.0,12,8,12,10,10,8,12,8,8,10,12,12,0,0,10,10,10,10,10,10,10,500,-1,None,0,Poison,0,-1,6,70,44,10,42,85,167,54,90,15,-1,-1,3,1,189,Behemoth's Ring,1,1,258,Moonberry,-1,-1,-1,None,-1,-1,-1,None
28,*,Death's Head,Deatth,1,1,0,Green,-1,-1,0b111111000101,X,X,X,X,X,X,"","","",X,"",X,15,2,90,-1,-1,654,18.0,0,20,10,5,5,20,0,20,10,5,10,0,0,0,5,10,10,10,10,10,10,800,4,Poison + Damage,0,Poison,60,-1,6,56,38,15,39,94,93,101,75,5,-1,-1,3,1,182,Ivy Band,1,1,258,Moonberry,-1,-1,-1,None,-1,-1,-1,None
29,*,Looper,Looper,1,1,5,Silver,-1,-1,0b111111110111,X,X,X,X,X,X,X,X,"",X,X,X,15,2,53,-1,-1,38,18.0,5,10,10,20,20,0,8,0,0,12,10,10,0,0,12,10,10,10,10,10,10,500,-1,None,0,Poison,0,-1,3,64,44,10,40,68,64,204,110,150,-1,-1,3,1,174,Thief's Aura,1,1,258,Moonberry,-1,-1,-1,None,-1,-1,-1,None
30,*,Loopalon,Loopalon,1,1,1,Red,-1,-1,0b111111111111,X,X,X,X,X,X,X,X,X,X,X,X,5,4,217,-1,-1,124,18.0,5,0,20,20,10,10,8,10,0,12,12,12,0,0,10,10,10,10,10,10,10,500,-1,None,0,Poison,0,-1,6,68,71,10,59,101,98,353,110,150,-1,-1,3,1,210,Black Map,1,1,258,Moonberry,-1,-1,-1,None,-1,-1,-1,None
31,*,Tsurak,Tsurak,1,1,3,Blue,-1,-1,0b111111111101,X,X,X,X,X,X,X,X,X,X,"",X,10,291,71,-1,-1,9000177,18.0,11,9,11,10,9,10,20,20,20,0,20,0,0,0,20,10,10,10,10,10,10,500,69,Sleep + Damage,3,Sleep,50,-1,27,100,50,5,113,216,151,151,80,20,-1,-1,2,1,185,Wind Gem Ring,1,1,258,Moonberry,-1,-1,-1,None,-1,-1,-1,None
32,*,Enforcer L11,Enforca L11,1,1,4,Yellow,-1,-1,0b111111000111,X,X,X,X,X,X,"","","",X,X,X,10,15,158,-1,-1,2075,18.0,12,10,8,10,8,12,12,0,0,10,8,0,0,0,0,10,10,10,10,10,10,800,-1,None,0,Poison,0,-1,11,83,78,10,123,145,132,125,95,15,-1,-1,-1,-1,-1,None,-1,-1,-1,None,-1,-1,-1,None,-1,-1,-1,None
33,*,Serpantis,Serpantis,3,3,2,Purple,-1,-1,0b111111000111,X,X,X,X,X,X,"","","",X,X,X,20,6,288,-1,-1,1452,18.0,10,12,8,8,12,10,10,10,10,8,8,8,0,0,12,10,10,10,10,10,10,1000,72,Fatigue + Damage,6,Fatigue,40,-1,8,126,59,15,53,154,143,179,85,10,-1,-1,5,1,244,Magic Droplet,1,1,258,Moonberry,-1,-1,-1,None,-1,-1,-1,None
34,*,Dralnog,Dralnog,1,1,0,Green,-1,-1,0b111111001111,X,X,X,X,X,X,"","",X,X,X,X,10,1,24,-1,-1,312,18.0,10,13,10,7,7,13,0,7,10,7,10,10,0,0,7,10,10,10,10,10,10,500,4,Poison + Damage,0,Poison,80,-1,4,21,32,15,32,77,70,63,75,50,-1,-1,3,1,182,Ivy Band,1,1,258,Moonberry,-1,-1,-1,None,-1,-1,-1,None
34,epevent.evp,Dralnog,Dralnog,1,1,0,Green,-1,-1,0b111111001111,X,X,X,X,X,X,"","",X,X,X,X,10,1,24,-1,-1,312,18.0,10,13,10,7,7,13,0,7,10,7,10,10,0,0,7,10,10,10,10,10,10,500,4,Poison + Damage,0,Poison,80,-1,4,21,32,15,32,77,70,63,75,50,-1,-1,-1,-1,-1,None,-1,-1,-1,None,-1,-1,-1,None,-1,-1,-1,None
35,*,Que'lak,Que'lak,1,1,1,Red,-1,-1,0b111111110111,X,X,X,X,X,X,X,X,"",X,X,X,5,4,81,-1,-1,511,18.0,8,8,12,12,10,10,8,10,10,12,12,12,0,0,10,10,10,10,10,10,10,500,-1,None,0,Poison,0,-1,9,86,64,5,54,131,131,98,85,10,-1,-1,1,1,275,Sacri Box,1,1,258,Moonberry,-1,-1,-1,None,-1,-1,-1,None
36,*,Pinalisk,Pinalisk,1,1,0,Green,-1,-1,0b111111001111,X,X,X,X,X,X,"","",X,X,X,X,15,4,86,-1,-1,288,18.0,6,14,10,8,8,12,6,12,10,8,10,0,0,0,8,10,10,10,10,10,10,500,-1,None,0,Poison,0,-1,8,65,75,20,49,95,198,108,95,15,-1,-1,3,1,132,Victory Mail,1,1,258,Moonberry,-1,-1,-1,None,-1,-1,-1,None
37,*,Crylbeast,Crylbeast,1,1,0,Green,-1,-1,0b111111000111,X,X,X,X,X,X,"","","",X,X,X,15,470,133,-1,-1,9000355,18.0,10,11,9,9,11,10,9,10,10,9,9,10,0,0,11,10,10,10,10,10,10,500,-1,None,0,Poison,0,-1,30,136,63,15,171,259,190,190,110,30,-1,-1,1,1,264,Sylph Seed,1,1,258,Moonberry,-1,-1,-1,None,-1,-1,-1,None
38,*,Slothstra,Slothstra,3,3,3,Blue,-1,-1,0b111111110111,X,X,X,X,X,X,X,X,"",X,X,X,25,6,291,-1,-1,3654,18.0,13,7,13,10,10,7,13,7,10,10,0,0,0,0,10,10,10,10,10,10,10,2500,70,Confusion + Damage,4,Confusion,40,-1,9,69,77,15,48,162,134,96,85,5,-1,-1,3,1,186,Eye of Truth,1,1,258,Moonberry,-1,-1,-1,None,-1,-1,-1,None
39,*,Polraxis L09a,Polraxis L09a,1,1,0,Green,-1,-1,0b111111001111,X,X,X,X,X,X,"","",X,X,X,X,30,4,109,-1,-1,256,18.0,0,10,0,0,0,10,0,0,0,0,0,0,0,0,0,10,10,10,10,10,10,500,4,Poison + Damage,0,Poison,70,-1,9,68,76,30,56,126,431,81,120,10,-1,-1,3,1,184,Gem of Fluidity,1,1,258,Moonberry,-1,-1,-1,None,-1,-1,-1,None
40,*,Roseln,Roseln,3,3,0,Green,-1,-1,0b111111001111,X,X,X,X,X,X,"","",X,X,X,X,10,6,231,-1,-1,1536,18.0,6,14,10,8,8,12,6,12,10,8,10,0,0,0,8,10,10,10,10,10,10,1000,-1,None,0,Poison,0,-1,9,73,69,10,56,123,119,119,80,5,-1,-1,1,1,262,Zaal Seed,1,1,258,Moonberry,-1,-1,-1,None,-1,-1,-1,None
41,*,Elooper,Elooper,1,1,0,Green,-1,-1,0b111111111111,X,X,X,X,X,X,X,X,X,X,X,X,5,6,300,-1,-1,167,18.0,0,20,10,5,5,20,0,12,10,8,10,10,0,0,8,10,10,10,10,10,10,500,-1,None,0,Poison,0,-1,7,84,88,10,79,118,112,483,110,150,-1,-1,3,1,210,Black Map,1,1,263,Dexus Seed,1,1,258,Moonberry,-1,-1,-1,None
42,*,Grapor,Grapor,1,1,0,Green,-1,-1,0b111111111111,X,X,X,X,X,X,X,X,X,X,X,X,5,3,65,-1,-1,235,18.0,10,20,10,5,5,20,10,20,10,5,10,0,0,0,20,10,10,10,10,10,10,800,-1,None,0,Poison,0,-1,12,86,64,10,64,153,155,155,85,20,-1,-1,10,4,358,Grapor Meat,30,3,358,Grapor Meat,50,2,358,Grapor Meat,100,1,358,Grapor Meat
43,*,Sphyrus,Sphyrus,1,1,3,Blue,-1,-1,0b011111000000,"",X,X,X,X,X,"","","","","","",5,627,177,-1,-1,9000501,18.0,11,9,11,10,9,10,11,10,10,10,11,0,0,0,9,10,10,10,10,10,10,500,-1,None,0,Poison,0,-1,30,108,81,5,146,244,244,244,80,0,-1,-1,1,1,272,Wevlen Box,1,1,258,Moonberry,-1,-1,-1,None,-1,-1,-1,None
44,*,Iridzu,Iridzu,1,1,0,Green,-1,-1,0b111111001111,X,X,X,X,X,X,"","",X,X,X,X,10,386,117,-1,-1,9000358,18.0,10,11,9,9,11,10,14,15,15,14,14,15,0,0,16,10,10,10,10,10,10,500,-1,None,0,Poison,0,-1,27,124,70,5,145,227,210,210,100,25,-1,-1,1,1,281,Slipara Box,1,1,258,Moonberry,-1,-1,-1,None,-1,-1,-1,None
45,*,Flyst,Flyst,1,1,2,Purple,-1,-1,0b111111111111,X,X,X,X,X,X,X,X,X,X,X,X,10,301,72,-1,-1,9000345,18.0,11,14,7,9,10,10,11,10,10,9,5,10,0,0,10,10,10,10,10,10,10,400,70,Confusion + Damage,4,Confusion,70,-1,28,132,76,10,115,288,204,256,75,10,-1,-1,1,1,222,Chance Ring,1,1,258,Moonberry,-1,-1,-1,None,-1,-1,-1,None
46,*,Medulizk,Medulizk,1,1,3,Blue,-1,-1,0b111111111111,X,X,X,X,X,X,X,X,X,X,X,X,15,613,132,-1,-1,9000519,18.0,11,9,11,10,9,10,0,10,10,10,11,10,0,0,9,10,10,10,10,10,10,500,4,Poison + Damage,0,Poison,80,-1,33,159,59,10,146,282,177,177,80,25,-1,-1,2,1,182,Ivy Band,1,1,258,Moonberry,-1,-1,-1,None,-1,-1,-1,None
47,*,Lucich,Lucich,1,1,0,Green,-1,-1,0b111111000111,X,X,X,X,X,X,"","","",X,X,X,10,3,42,-1,-1,295,18.0,10,13,10,7,7,13,0,7,10,7,10,10,0,0,7,10,10,10,10,10,10,500,4,Poison + Damage,0,Poison,80,-1,8,114,58,15,47,109,114,103,75,50,-1,-1,5,1,250,Risan Crystal,1,1,258,Moonberry,-1,-1,-1,None,-1,-1,-1,None
48,*,Digger,Digger,1,1,4,Yellow,-1,-1,0b111111000101,X,X,X,X,X,X,"","","",X,"",X,15,4,110,-1,-1,335,18.0,20,10,5,10,5,20,0,0,10,0,0,0,0,0,5,10,10,10,10,10,10,800,-1,None,0,Poison,0,-1,8,70,61,10,48,118,200,217,95,15,-1,-1,3,1,188,Everlasting Gem,1,1,258,Moonberry,-1,-1,-1,None,-1,-1,-1,None
49,*,Flat Fiend,Fiendo,1,1,2,Purple,-1,-1,0b111111111101,X,X,X,X,X,X,X,X,X,X,"",X,5,331,98,-1,-1,9000247,18.0,11,14,7,9,10,10,11,10,10,9,9,10,0,0,10,10,10,10,10,10,10,500,72,Fatigue + Damage,6,Fatigue,70,-1,28,128,68,15,149,234,204,204,85,40,-1,-1,2,1,135,Ghost Mail,1,1,258,Moonberry,-1,-1,-1,None,-1,-1,-1,None
50,*,Burocca,Burocca,1,1,1,Red,-1,-1,0b111111111111,X,X,X,X,X,X,X,X,X,X,X,X,5,8,97,-1,-1,342,18.0,8,8,12,12,10,10,8,10,10,12,12,0,0,0,10,10,10,10,10,10,10,500,-1,None,0,Poison,0,-1,12,52,67,20,41,150,280,216,80,5,-1,-1,3,1,171,Burocca's Shell,1,1,258,Moonberry,-1,-1,-1,None,-1,-1,-1,None
51,*,Drogerp,Drogerp,3,3,2,Purple,-1,-1,0b111111001111,X,X,X,X,X,X,"","",X,X,X,X,25,1122,278,-1,-1,9001381,18.0,11,14,7,9,10,10,11,10,10,9,9,10,0,0,10,10,10,10,10,10,10,1000,-1,None,0,Poison,0,-1,27,155,104,10,100,314,272,248,80,5,-1,-1,2,1,266,Magus Seed,1,1,258,Moonberry,-1,-1,-1,None,-1,-1,-1,None
52,*,Nadnarb,Nadnarb,1,1,3,Blue,-1,-1,0b111111111101,X,X,X,X,X,X,X,X,X,X,"",X,5,471,100,-1,-1,9000217,18.0,11,9,11,10,9,10,11,10,0,10,11,9,0,0,9,10,10,10,10,10,10,500,-1,None,0,Poison,0,-1,34,152,70,10,136,296,212,212,80,5,-1,-1,1,1,261,Icyl Seed,1,1,258,Moonberry,-1,-1,-1,None,-1,-1,-1,None
53,*,Nairad,Nairad,1,1,3,Blue,-1,-1,0b111111111101,X,X,X,X,X,X,X,X,X,X,"",X,5,471,100,-1,-1,9000433,18.0,11,9,11,10,9,10,11,10,0,10,11,9,0,0,9,10,10,10,10,10,10,500,-1,None,0,Poison,0,-1,34,152,70,10,136,312,212,212,80,5,-1,-1,1,1,263,Dexus Seed,1,1,258,Moonberry,-1,-1,-1,None,-1,-1,-1,None
54,*,Kanezl,Kanezl,1,1,0,Green,-1,-1,0b111111111111,X,X,X,X,X,X,X,X,X,X,X,X,5,10,311,-1,-1,325,18.0,10,12,10,8,8,12,10,12,10,8,10,10,0,0,8,10,10,10,10,10,10,500,-1,None,0,Poison,0,-1,12,86,63,5,80,143,168,466,120,120,-1,-1,5,1,291,Gold Pollen,1,1,258,Moonberry,-1,-1,-1,None,-1,-1,-1,None
55,*,Mantoid,Mantoid,3,3,0,Green,-1,-1,0b111111000111,X,X,X,X,X,X,"","","",X,X,X,20,940,266,-1,-1,9001722,18.0,10,11,9,9,11,10,9,10,10,9,9,10,0,0,11,10,10,10,10,10,10,1000,72,Fatigue + Damage,6,Fatigue,40,-1,30,137,92,15,110,317,231,231,85,10,-1,-1,2,1,262,Zaal Seed,1,1,258,Moonberry,-1,-1,-1,None,-1,-1,-1,None
56,*,Sorcerer,Sorcerer,1,1,4,Yellow,-1,-1,0b111111110101,X,X,X,X,X,X,X,X,"",X,"",X,5,682,247,-1,-1,9000809,18.0,9,10,10,11,9,11,9,11,10,11,10,11,0,0,9,10,10,10,10,10,10,800,-1,None,0,Poison,0,-1,38,352,123,5,166,302,268,470,70,25,-1,-1,1,1,280,Driln Box,1,1,258,Moonberry,-1,-1,-1,None,-1,-1,-1,None
57,*,Slithar,Slithar,1,1,1,Red,-1,-1,0b111111000111,X,X,X,X,X,X,"","","",X,X,X,10,342,78,-1,-1,9000227,18.0,9,7,14,11,10,10,9,10,10,11,11,11,0,0,10,10,10,10,10,10,10,500,-1,None,0,Poison,0,-1,30,137,90,5,85,287,272,272,90,5,-1,-1,2,1,138,Moon Robe,1,1,258,Moonberry,-1,-1,-1,None,-1,-1,-1,None
58,*,Golooper,Golooper,1,1,3,Blue,-1,-1,0b111111111111,X,X,X,X,X,X,X,X,X,X,X,X,5,1139,789,-1,-1,9000082,18.0,11,9,11,10,9,10,11,10,10,10,11,0,0,0,9,10,10,10,10,10,10,500,-1,None,0,Poison,0,-1,30,136,190,10,171,265,272,870,110,150,-1,-1,4,1,210,Black Map,1,1,263,Dexus Seed,1,1,258,Moonberry,-1,-1,-1,None
59,*,Alusphere,Alusphere,3,3,3,Blue,-1,-1,0b011111000000,"",X,X,X,X,X,"","","","","","",25,1025,444,-1,-1,9001162,18.0,11,9,11,10,9,10,0,10,0,10,11,0,0,0,0,10,10,10,10,10,10,1500,8,Stone + Damage,2,Stone,20,-1,30,108,104,20,73,296,353,272,120,0,-1,-1,5,1,184,Gem of Fluidity,1,1,258,Moonberry,-1,-1,-1,None,-1,-1,-1,None
60,*,Soldier L31,Mereo L31,1,1,3,Blue,-1,-1,0b111111000101,X,X,X,X,X,X,"","","",X,"",X,20,545,225,-1,-1,9000883,18.0,11,9,11,10,9,10,11,10,10,10,11,0,0,0,9,10,10,10,10,10,10,800,-1,None,0,Poison,0,-1,31,112,84,25,138,295,280,224,110,10,-1,-1,1,1,246,Aura of Valor,1,1,258,Moonberry,-1,-1,-1,None,-1,-1,-1,None
61,*,Delzool,Delzool,1,1,0,Green,-1,-1,0b111111000111,X,X,X,X,X,X,"","","",X,X,X,10,451,109,-1,-1,9000257,18.0,10,11,9,9,11,10,9,10,10,9,9,10,0,0,11,10,10,10,10,10,10,500,-1,None,0,Poison,0,-1,28,128,85,15,92,256,256,256,75,30,-1,-1,1,1,282,Eternum Box,1,1,258,Moonberry,-1,-1,-1,None,-1,-1,-1,None
62,*,Defender,Defensor,1,1,4,Yellow,-1,-1,0b111111110111,X,X,X,X,X,X,X,X,"",X,X,X,25,955,346,-1,-1,9001037,18.0,9,10,10,11,9,11,6,0,6,6,6,18,0,0,6,10,10,10,10,10,10,800,-1,None,0,Poison,0,-1,38,166,114,5,151,344,352,336,110,10,-1,-1,1,1,246,Aura of Valor,1,1,258,Moonberry,-1,-1,-1,None,-1,-1,-1,None
63,*,Ghrost,Ghrost,1,1,0,Green,-1,-1,0b111111000111,X,X,X,X,X,X,"","","",X,X,X,5,353,102,-1,-1,9000106,18.0,10,11,9,9,11,10,9,10,10,9,9,10,0,0,11,10,10,10,10,10,10,500,-1,None,0,Poison,0,-1,29,139,176,5,118,237,264,264,90,15,-1,-1,1,1,261,Icyl Seed,1,1,258,Moonberry,-1,-1,-1,None,-1,-1,-1,None
64,*,Graver,Graver,1,1,0,Green,-1,-1,0b111111000111,X,X,X,X,X,X,"","","",X,X,X,25,3,58,-1,-1,253,18.0,10,12,10,8,8,12,10,12,10,8,10,10,0,0,8,10,10,10,10,10,10,500,-1,None,0,Poison,0,-1,7,82,127,10,45,100,334,101,120,150,-1,-1,3,1,180,Counter Bracer,1,1,258,Moonberry,-1,-1,-1,None,-1,-1,-1,None
65,*,Shrilp,Shrilp,3,3,1,Red,-1,-1,0b111111001101,X,X,X,X,X,X,"","",X,X,"",X,5,2588,550,-1,-1,9001827,18.0,9,7,14,11,10,10,3,5,5,7,7,7,0,0,5,10,10,10,10,10,10,1000,73,Weak + Damage,8,Weak,70,-1,34,152,444,5,123,354,334,334,85,5,-1,-1,4,1,179,Ancient Bracer,1,1,258,Moonberry,-1,-1,-1,None,-1,-1,-1,None
66,*,Cerosik,Cerosik,3,3,2,Purple,-1,-1,0b111111000111,X,X,X,X,X,X,"","","",X,X,X,15,749,199,-1,-1,9000761,18.0,11,14,7,9,10,10,11,10,10,9,9,10,0,0,10,10,10,10,10,10,10,500,-1,None,0,Poison,0,-1,33,158,88,15,93,303,266,266,80,5,-1,-1,2,1,242,Sacrum Crystal,1,1,258,Moonberry,-1,-1,-1,None,-1,-1,-1,None
67,*,Carnilak,Carnilak,3,3,3,Blue,-1,-1,0b111111001111,X,X,X,X,X,X,"","",X,X,X,X,10,2373,619,-1,-1,9002457,18.0,11,9,11,10,9,10,11,10,10,0,11,0,0,0,9,10,10,10,10,10,10,1000,-1,None,0,Poison,0,-1,34,121,91,10,123,369,273,273,80,5,-1,-1,2,1,277,Riselem Box,1,1,258,Moonberry,-1,-1,-1,None,-1,-1,-1,None
68,*,Valgand,Valgand,1,1,2,Purple,-1,-1,0b111111000111,X,X,X,X,X,X,"","","",X,X,X,10,273,132,-1,-1,9000188,18.0,11,14,7,9,10,10,0,10,10,9,9,0,0,0,10,10,10,10,10,10,10,500,-1,None,0,Poison,0,-1,33,118,98,25,199,282,325,266,95,25,-1,-1,2,1,290,Chom,1,1,258,Moonberry,-1,-1,-1,None,-1,-1,-1,None
69,*,Berserker,Berserker,1,1,4,Yellow,-1,-1,0b111111000111,X,X,X,X,X,X,"","","",X,X,X,30,729,342,-1,-1,9001015,18.0,9,10,10,11,9,11,0,11,10,11,10,0,0,0,9,10,10,10,10,10,10,1000,-1,None,0,Poison,0,-1,35,124,117,30,112,351,390,312,85,10,-1,-1,4,1,252,Glyph of Might,1,1,258,Moonberry,-1,-1,-1,None,-1,-1,-1,None
70,*,Lurgel Tank,Lurgel Tank,3,3,1,Red,-1,-1,0b011111000101,"",X,X,X,X,X,"","","",X,"",X,15,2732,1282,-1,-1,9003550,18.0,9,9,11,11,10,10,0,0,0,20,20,0,0,0,4,10,10,10,10,10,10,3000,-1,None,0,Poison,0,-1,35,124,117,20,112,416,390,312,105,0,-1,-1,5,1,274,Electrum Box,1,1,258,Moonberry,-1,-1,-1,None,-1,-1,-1,None
71,*,Tenkou,Tenkou,1,1,3,Blue,-1,-1,0b111111000111,X,X,X,X,X,X,"","","",X,X,X,10,409,169,-1,-1,9000589,18.0,11,9,11,10,9,10,11,10,10,10,11,0,0,0,9,10,10,10,10,10,10,800,-1,None,0,Poison,0,-1,31,112,84,20,163,287,280,224,100,20,-1,-1,25,1,241,Sacres Crystal,-1,-1,-1,None,-1,-1,-1,None,-1,-1,-1,None
72,*,Patrol Guard,Custos,1,1,4,Yellow,-1,-1,0b111111000101,X,X,X,X,X,X,"","","",X,"",X,15,1,92,-1,-1,291,18.0,12,10,8,10,8,12,12,12,10,10,8,8,0,0,8,10,10,10,10,10,10,800,-1,None,0,Poison,0,-1,5,59,36,15,46,93,95,79,105,15,-1,-1,5,1,240,Sacri Crystal,1,1,273,Electri Box,1,1,258,Moonberry,-1,-1,-1,None
73,*,Mine Patrol,Fossor,1,1,4,Yellow,-1,-1,0b111111000101,X,X,X,X,X,X,"","","",X,"",X,15,4,100,-1,-1,504,18.0,12,10,8,10,8,12,12,12,10,10,8,8,0,0,8,10,10,10,10,10,10,800,69,Sleep + Damage,3,Sleep,70,-1,8,71,55,15,51,112,117,117,105,15,-1,-1,5,1,252,Glyph of Might,1,1,258,Moonberry,-1,-1,-1,None,-1,-1,-1,None
73,epevent.evp,Mine Patrol,Fossor,1,1,4,Yellow,-1,-1,0b111111000101,X,X,X,X,X,X,"","","",X,"",X,15,4,100,-1,-1,504,18.0,12,10,8,10,8,12,12,12,10,10,8,8,0,0,8,10,10,10,10,10,10,500,69,Sleep + Damage,3,Sleep,70,-1,8,71,55,15,51,112,117,117,105,15,-1,-1,-1,-1,-1,None,-1,-1,-1,None,-1,-1,-1,None,-1,-1,-1,None
74,*,Frost Worm,Gelu Vermis,3,3,2,Purple,-1,-1,0b111111000101,X,X,X,X,X,X,"","","",X,"",X,10,2449,531,-1,-1,9002845,18.0,10,20,0,10,10,10,7,5,5,3,3,10,0,0,5,10,10,10,10,10,10,1500,-1,None,0,Poison,0,-1,33,454,118,5,93,375,355,355,85,5,-1,-1,3,1,270,Crystalen Box,1,1,258,Moonberry,-1,-1,-1,None,-1,-1,-1,None
75,*,Destroyer L13b,Eversor L13b,1,1,4,Yellow,-1,-1,0b110000110111,X,X,"","","","",X,X,"",X,X,X,0,11,70,-1,-1,254,18.0,12,10,8,10,8,12,0,0,10,0,0,0,0,0,8,10,10,10,10,10,10,800,-1,None,0,Poison,0,-1,13,77,79,0,107,152,300,308,0,25,-1,-1,5,1,494,Gear Grease,1,1,258,Moonberry,-1,-1,-1,None,-1,-1,-1,None
76,*,Marauder,Marauder,1,1,4,Yellow,-1,-1,0b111111000111,X,X,X,X,X,X,"","","",X,X,X,30,849,377,-1,-1,9001093,18.0,9,10,10,11,9,11,0,11,10,11,10,0,0,0,9,10,10,10,10,10,10,1000,-1,None,0,Poison,0,-1,38,134,126,30,120,378,420,336,85,10,-1,-1,4,1,29,Hydra Wing,1,1,258,Moonberry,-1,-1,-1,None,-1,-1,-1,None
77,*,Guardian,Susceptor,3,3,5,Silver,-1,-1,0b011111000111,"",X,X,X,X,X,"","","",X,X,X,30,5009,1785,-1,-1,9005369,18.0,10,10,10,10,11,9,0,0,4,4,4,0,0,0,4,10,10,10,10,10,10,3000,-1,None,0,Poison,0,-1,39,137,120,10,139,436,344,378,115,0,-1,-1,5,1,167,Warrior's Heart,1,1,258,Moonberry,-1,-1,-1,None,-1,-1,-1,None
78,*,Telsor,Telsor,1,1,5,Silver,-1,-1,0b111111001111,X,X,X,X,X,X,"","",X,X,X,X,10,627,223,-1,-1,9000294,18.0,10,10,10,10,11,9,0,9,10,10,10,0,0,0,11,10,10,10,10,10,10,500,-1,None,0,Poison,0,-1,39,137,126,15,232,315,412,344,90,25,-1,-1,2,1,61,Serpent Strike,1,1,258,Moonberry,-1,-1,-1,None,-1,-1,-1,None
79,*,Dorntak,Dorntak,1,1,5,Silver,-1,-1,0b111111000111,X,X,X,X,X,X,"","","",X,X,X,25,1067,365,-1,-1,9000684,18.0,10,10,10,10,11,9,0,9,0,10,10,0,0,0,11,10,10,10,10,10,10,800,-1,None,0,Poison,0,-1,39,137,126,25,154,344,412,344,90,10,-1,-1,1,1,166,Cupil Ring,1,1,258,Moonberry,-1,-1,-1,None,-1,-1,-1,None
80,*,Linark,Linark,3,3,5,Silver,-1,-1,0b111111001101,X,X,X,X,X,X,"","",X,X,"",X,30,5009,1785,-1,-1,9006193,18.0,10,10,10,10,11,9,0,3,5,5,5,0,0,0,7,10,10,10,10,10,10,3500,-1,None,0,Poison,0,-1,39,137,114,20,170,516,344,344,120,5,-1,-1,20,1,57,Silver Arm,1,1,258,Moonberry,-1,-1,-1,None,-1,-1,-1,None
81,*,Dolthstra,Dolthstra,3,3,2,Purple,-1,-1,0b111111110111,X,X,X,X,X,X,X,X,"",X,X,X,25,2449,531,-1,-1,9003750,18.0,11,14,7,9,10,10,0,5,5,20,3,0,0,0,5,10,10,10,10,10,10,2500,70,Confusion + Damage,4,Confusion,40,-1,33,118,148,15,93,375,296,296,85,5,-1,-1,10,1,186,Eye of Truth,1,1,258,Moonberry,-1,-1,-1,None,-1,-1,-1,None
82,*,Dracolurg,Dracolurg,3,3,2,Purple,-1,-1,0b111111000111,X,X,X,X,X,X,"","","",X,X,X,15,2992,1155,-1,-1,9005545,18.0,11,14,7,9,10,10,7,5,5,3,3,0,0,0,5,10,10,10,10,10,10,3500,-1,None,0,Poison,0,-1,34,123,154,15,138,434,308,308,100,10,-1,-1,5,1,181,Defensive Aura,1,1,258,Moonberry,-1,-1,-1,None,-1,-1,-1,None
83,*,Garagor,Garagor,3,3,2,Purple,-1,-1,0b111111000101,X,X,X,X,X,X,"","","",X,"",X,20,5009,973,-1,-1,9003721,18.0,11,14,7,9,10,10,7,5,5,3,3,10,0,0,5,10,10,10,10,10,10,3500,72,Fatigue + Damage,6,Fatigue,40,-1,39,256,504,10,185,401,378,378,75,10,-1,-1,5,1,179,Ancient Bracer,1,1,258,Moonberry,-1,-1,-1,None,-1,-1,-1,None
84,*,Kilite,Kilite,1,1,2,Purple,-1,-1,0b111111001101,X,X,X,X,X,X,"","",X,X,"",X,15,449,119,-1,-1,9000178,18.0,11,14,7,9,10,10,16,15,15,14,14,15,0,0,15,10,10,10,10,10,10,500,-1,None,0,Poison,0,-1,33,158,98,15,159,282,296,296,75,20,-1,-1,1,1,260,Paranta Seed,1,1,258,Moonberry,-1,-1,-1,None,-1,-1,-1,None
85,*,Imezl,Imezl,1,1,0,Green,-1,-1,0b111111111111,X,X,X,X,X,X,X,X,X,X,X,X,5,581,213,-1,-1,9000243,18.0,10,11,9,9,11,10,9,10,10,9,9,10,0,0,11,10,10,10,10,10,10,500,-1,None,0,Poison,0,-1,27,126,15,5,170,252,302,302,75,5,-1,-1,2,1,249,Curia Crystal,2,1,250,Risan Crystal,2,1,251,Riselem Crystal,1,1,258,Moonberry
86,*,Lurker,Lurker,1,1,4,Yellow,-1,-1,0b111111000111,X,X,X,X,X,X,"","","",X,X,X,5,7,97,-1,-1,109,18.0,12,10,8,10,8,12,12,12,10,10,0,0,0,0,8,10,10,10,10,10,10,500,-1,None,0,Poison,0,-1,12,86,95,5,69,155,594,130,90,150,-1,-1,1,1,262,Zaal Seed,1,1,258,Moonberry,-1,-1,-1,None,-1,-1,-1,None
87,*,Jellikra,Jellikra,1,1,3,Blue,-1,-1,0b111111111111,X,X,X,X,X,X,X,X,X,X,X,X,15,481,113,-1,-1,9000463,18.0,11,9,11,10,9,10,0,10,10,10,11,0,0,0,9,10,10,10,10,10,10,500,4,Poison + Damage,0,Poison,80,-1,29,134,52,10,130,252,158,158,80,25,-1,-1,2,1,182,Ivy Band,1,1,258,Moonberry,-1,-1,-1,None,-1,-1,-1,None
88,*,Scorpon,Scorpon,1,1,0,Green,-1,-1,0b111111001101,X,X,X,X,X,X,"","",X,X,"",X,25,7,82,-1,-1,547,18.0,10,14,10,6,6,14,10,16,10,4,0,0,0,0,4,10,10,10,10,10,10,500,71,Silence + Damage,5,Silence,40,-1,12,83,69,25,67,134,163,94,95,15,-1,-1,3,1,187,Revered Voice,1,1,258,Moonberry,-1,-1,-1,None,-1,-1,-1,None
89,*,Arclooper,Arclooper,1,1,2,Purple,-1,-1,0b111111111111,X,X,X,X,X,X,X,X,X,X,X,X,5,2041,1328,-1,-1,9000134,18.0,11,14,7,9,10,10,11,10,10,9,9,10,0,0,10,10,10,10,10,10,10,500,-1,None,0,Poison,0,-1,33,148,207,10,186,288,296,947,110,150,-1,-1,5,1,209,Fortune Ring,1,1,263,Dexus Seed,1,1,258,Moonberry,-1,-1,-1,None
90,*,Tsorok,Tsorok,1,1,4,Yellow,-1,-1,0b111111001111,X,X,X,X,X,X,"","",X,X,X,X,15,2,48,-1,-1,255,18.0,12,10,8,10,8,12,12,12,10,10,0,8,0,0,8,10,10,10,10,10,10,500,70,Confusion + Damage,4,Confusion,70,-1,8,59,107,15,48,105,78,78,90,20,-1,-1,1,1,271,Wevles Box,1,1,258,Moonberry,-1,-1,-1,None,-1,-1,-1,None
91,*,Sentry,Sentree,1,1,4,Yellow,-1,-1,0b111111000111,X,X,X,X,X,X,"","","",X,X,X,20,521,244,-1,-1,9000626,18.0,9,10,10,14,0,14,0,11,10,11,10,11,0,0,9,10,10,10,10,10,10,800,-1,None,0,Poison,0,-1,35,124,109,15,126,364,374,280,105,10,-1,-1,3,1,254,Healing Salve,1,1,258,Moonberry,-1,-1,-1,None,-1,-1,-1,None
92,*,Langry,Langry,1,1,3,Blue,-1,-1,0b111111111101,X,X,X,X,X,X,X,X,X,X,"",X,10,2,48,-1,-1,218,18.0,12,8,12,10,10,8,12,8,10,0,12,0,0,0,10,10,10,10,10,10,10,500,69,Sleep + Damage,3,Sleep,50,-1,8,76,72,5,50,104,104,104,80,20,-1,-1,3,1,185,Wind Gem Ring,1,1,258,Moonberry,-1,-1,-1,None,-1,-1,-1,None
93,*,Durel Beetle,Scarab√©e,1,1,3,Blue,-1,-1,0b111111111111,X,X,X,X,X,X,X,X,X,X,X,X,10,2,55,-1,-1,220,18.0,15,5,12,10,10,8,15,8,5,10,12,12,0,0,0,10,10,10,10,10,10,500,-1,None,0,Poison,0,-1,6,68,43,10,43,93,93,93,90,15,-1,-1,3,1,189,Behemoth's Ring,1,1,258,Moonberry,-1,-1,-1,None,-1,-1,-1,None
94,*,Totelm,Totelm,1,1,0,Green,-1,-1,0b011111000000,"",X,X,X,X,X,"","","","","","",15,2,66,-1,-1,135,18.0,10,12,10,8,8,12,0,0,10,0,10,0,0,0,0,10,10,10,10,10,10,400,73,Weak + Damage,8,Weak,40,-1,9,76,42,15,86,112,125,125,100,15,-1,-1,1,1,266,Magus Seed,1,1,258,Moonberry,-1,-1,-1,None,-1,-1,-1,None
95,*,Thryllak,Thryllak,1,1,2,Purple,-1,-1,0b111111111111,X,X,X,X,X,X,X,X,X,X,X,X,10,9,91,-1,-1,892,18.0,10,12,6,8,14,10,10,10,10,8,6,0,0,0,14,10,10,10,10,10,10,800,-1,None,0,Poison,0,-1,12,83,54,10,64,135,104,104,85,25,-1,-1,3,1,169,Thryllak's Scale,1,1,258,Moonberry,-1,-1,-1,None,-1,-1,-1,None
96,*,Stonebeak,Ballista Rostram,1,1,4,Yellow,-1,-1,0b111111001101,X,X,X,X,X,X,"","",X,X,"",X,20,2,66,-1,-1,399,18.0,13,10,7,10,7,15,13,15,10,10,7,0,0,0,7,10,10,10,10,10,10,500,-1,None,0,Poison,0,-1,6,52,39,15,40,108,101,74,95,15,-1,-1,3,1,188,Everlasting Gem,1,1,258,Moonberry,-1,-1,-1,None,-1,-1,-1,None
97,*,Razorbeak,Razorbeak,1,1,4,Yellow,-1,-1,0b111111001101,X,X,X,X,X,X,"","",X,X,"",X,20,7,64,-1,-1,1104,18.0,13,10,7,10,7,15,13,15,10,10,7,0,0,0,7,10,10,10,10,10,10,500,-1,None,0,Poison,0,-1,11,81,72,15,57,151,146,92,95,15,-1,-1,3,1,188,Everlasting Gem,1,1,258,Moonberry,-1,-1,-1,None,-1,-1,-1,None
98,*,Stalk Fiend,Monstrum,1,1,0,Green,-1,-1,0b111111111101,X,X,X,X,X,X,X,X,X,X,"",X,5,678,176,-1,-1,9000418,18.0,10,11,9,9,11,10,9,10,10,9,9,10,0,0,11,10,10,10,10,10,10,500,72,Fatigue + Damage,6,Fatigue,70,-1,34,152,81,15,177,278,243,243,85,40,-1,-1,2,1,137,Fiber Mail,1,1,258,Moonberry,-1,-1,-1,None,-1,-1,-1,None
99,*,Kantor L13,Kantor L13,3,3,4,Yellow,-1,-1,0b111111000101,X,X,X,X,X,X,"","","",X,"",X,15,60,321,-1,-1,2716,18.0,12,10,8,10,8,12,12,0,0,10,8,0,0,0,0,10,10,10,10,10,10,2500,70,Confusion + Damage,4,Confusion,30,-1,13,76,97,15,73,162,174,191,105,15,-1,-1,1,1,279,Panika Box,1,1,258,Moonberry,-1,-1,-1,None,-1,-1,-1,None
100,*,Shadow,Umbra,1,1,3,Blue,-1,-1,0b111111000101,X,X,X,X,X,X,"","","",X,"",X,10,2272,1117,-1,-1,9001149,18.0,11,9,11,10,9,10,5,5,5,5,5,10,0,0,5,10,10,10,10,10,10,800,-1,None,0,Poison,0,-1,37,168,109,10,191,356,328,328,120,40,-1,-1,-1,-1,-1,None,-1,-1,-1,None,-1,-1,-1,None,-1,-1,-1,None
101,*,Assassin,Assassinata,1,1,3,Blue,-1,-1,0b111111000101,X,X,X,X,X,X,"","","",X,"",X,10,955,346,-1,-1,9000807,18.0,11,9,11,10,9,10,5,5,5,5,5,10,0,0,5,10,10,10,10,10,10,800,-1,None,0,Poison,0,-1,38,177,112,10,196,365,336,336,120,40,-1,-1,4,1,68,Marksman Gun,1,1,258,Moonberry,-1,-1,-1,None,-1,-1,-1,None
102,*,Officer,Executor,1,1,4,Yellow,-1,-1,0b111111110111,X,X,X,X,X,X,X,X,"",X,X,X,25,23,187,-1,-1,1108,18.0,12,10,8,10,6,12,12,12,10,10,8,8,0,0,6,10,10,10,10,10,10,800,-1,None,0,Poison,0,-1,13,80,95,5,71,176,253,174,110,10,-1,-1,5,1,244,Magic Droplet,1,1,258,Moonberry,-1,-1,-1,None,-1,-1,-1,None
103,*,Mage Warden L13,Custodiae L13,1,1,4,Yellow,-1,-1,0b111111110101,X,X,X,X,X,X,X,X,"",X,"",X,5,19,102,-1,-1,1109,18.0,20,10,5,10,5,20,12,12,10,10,8,8,0,0,8,10,10,10,10,10,10,800,-1,None,0,Poison,0,-1,13,74,83,5,101,144,137,239,70,25,-1,-1,1,1,278,Sylenis Box,1,1,258,Moonberry,-1,-1,-1,None,-1,-1,-1,None
104,*,Shock Troop,Veles,1,1,0,Green,-1,-1,0b111111000111,X,X,X,X,X,X,"","","",X,X,X,10,13,71,-1,-1,278,18.0,10,12,10,8,8,12,10,12,10,8,10,0,0,0,8,10,10,10,10,10,10,800,-1,None,0,Poison,0,-1,13,71,76,10,75,165,176,157,95,15,-1,-1,5,1,242,Sacrum Crystal,1,1,258,Moonberry,-1,-1,-1,None,-1,-1,-1,None
105,*,Red Guard,Red Praeses,1,1,4,Yellow,-1,-1,0b111111000111,X,X,X,X,X,X,"","","",X,X,X,10,545,225,-1,-1,9000629,18.0,9,10,10,11,9,11,9,11,10,11,10,0,0,0,9,10,10,10,10,10,10,800,-1,None,0,Poison,0,-1,31,112,95,10,126,304,294,280,95,15,-1,-1,2,1,245,Magic Dew,1,1,258,Moonberry,-1,-1,-1,None,-1,-1,-1,None
106,*,Elite Guard,Praeses Elite,1,1,4,Yellow,-1,-1,0b111111000111,X,X,X,X,X,X,"","","",X,X,X,10,586,223,-1,-1,9000516,18.0,9,10,10,11,9,11,9,11,10,11,10,0,0,0,9,10,10,10,10,10,10,800,-1,None,0,Poison,0,-1,35,124,106,10,140,339,327,312,95,15,-1,-1,1,1,178,Warrior's Rune,1,1,258,Moonberry,-1,-1,-1,None,-1,-1,-1,None
107,*,Jynnus,Jynnus,1,1,3,Blue,-1,-1,0b111111111111,X,X,X,X,X,X,X,X,X,X,X,X,10,6,69,-1,-1,231,18.0,12,8,12,10,10,8,12,0,10,10,12,12,0,0,10,10,10,10,10,10,10,500,-1,None,0,Poison,0,-1,11,100,56,15,65,127,139,126,100,20,-1,-1,3,1,183,Silvite Ring,1,1,258,Moonberry,-1,-1,-1,None,-1,-1,-1,None
108,*,Hydra Elite,Hydra,3,3,4,Yellow,-1,-1,0b111111000101,X,X,X,X,X,X,"","","",X,"",X,15,1194,432,-1,-1,9001759,18.0,9,10,10,11,9,11,6,6,6,6,6,18,0,0,6,10,10,10,10,10,10,1000,-1,None,0,Poison,0,-1,38,202,111,25,151,448,369,302,95,10,-1,-1,3,1,200,Ominous Mask,1,1,258,Moonberry,-1,-1,-1,None,-1,-1,-1,None
109,*,Yulooper,Yulooper,1,1,4,Yellow,-1,-1,0b111111111111,X,X,X,X,X,X,X,X,X,X,X,X,5,13,397,-1,-1,223,18.0,20,10,5,10,0,20,12,12,10,10,8,8,0,0,0,10,10,10,10,10,10,500,-1,None,0,Poison,0,-1,11,70,117,10,93,144,148,587,110,150,-1,-1,3,1,210,Black Map,1,1,263,Dexus Seed,1,1,258,Moonberry,-1,-1,-1,None
110,*,Hunter L39a,Hunta,1,1,5,Silver,-1,-1,0b111111001111,X,X,X,X,X,X,"","",X,X,X,X,15,302,114,-1,-1,9000156,18.0,10,10,10,10,11,9,0,9,10,10,10,0,0,0,11,10,10,10,10,10,10,500,-1,None,0,Poison,0,-1,39,137,114,5,139,436,412,275,90,10,-1,-1,2,1,66,Warrior's Pistol,1,1,258,Moonberry,-1,-1,-1,None,-1,-1,-1,None
111,*,Zivilyn Bane L09,Zivilyn Bane L09,1,1,1,Red,-1,-1,0b111111000111,X,X,X,X,X,X,"","","",X,X,X,22,12,317,-1,-1,2260,18.0,8,8,12,12,10,10,8,0,0,12,12,0,0,0,10,10,10,10,10,10,10,800,4,Poison + Damage,0,Poison,40,-1,9,77,70,22,55,130,120,168,115,22,-1,-1,1,1,263,Dexus Seed,5,1,264,Sylph Seed,10,1,265,Vidal Seed,30,1,266,Magus Seed
112,*,Zivilyn Bane L12,Zivilyn Bane L12,1,1,1,Red,-1,-1,0b111111000111,X,X,X,X,X,X,"","","",X,X,X,24,31,689,-1,-1,2726,18.0,8,8,12,12,10,10,8,0,0,12,12,0,0,0,10,10,10,10,10,10,10,800,72,Fatigue + Damage,6,Fatigue,40,-1,12,86,77,24,68,216,173,206,115,24,-1,-1,1,1,263,Dexus Seed,5,1,260,Paranta Seed,10,1,261,Icyl Seed,30,1,262,Zaal Seed
113,*,Zivilyn Bane L13,Zivilyn Bane L13,1,1,1,Red,-1,-1,0b111111000111,X,X,X,X,X,X,"","","",X,X,X,26,49,423,-1,-1,1170,18.0,8,8,12,12,10,10,8,0,0,12,12,0,0,0,10,10,10,10,10,10,10,800,73,Weak + Damage,8,Weak,40,-1,13,92,83,26,71,156,180,213,115,26,-1,-1,1,1,263,Dexus Seed,5,1,264,Sylph Seed,10,1,265,Vidal Seed,30,1,266,Magus Seed
114,*,Zivilyn Bane L28,Zivilyn Bane L28,1,1,1,Red,-1,-1,0b111111000111,X,X,X,X,X,X,"","","",X,X,X,28,3001,4361,-1,-1,9004843,18.0,8,8,12,12,10,10,8,0,0,12,12,0,0,0,10,10,10,10,10,10,10,800,70,Confusion + Damage,4,Confusion,40,-1,28,102,92,28,138,305,256,204,115,28,-1,-1,1,1,263,Dexus Seed,5,1,260,Paranta Seed,10,1,261,Icyl Seed,30,1,262,Zaal Seed
115,*,Zivilyn Bane L30,Zivilyn Bane L30,1,1,1,Red,-1,-1,0b111111000111,X,X,X,X,X,X,"","","",X,X,X,30,3415,4738,-1,-1,9005144,18.0,8,8,12,12,10,10,8,0,0,12,12,0,0,0,10,10,10,10,10,10,10,800,69,Sleep + Damage,3,Sleep,40,-1,30,108,97,30,146,330,272,217,115,30,-1,-1,1,1,263,Dexus Seed,5,1,264,Sylph Seed,10,1,265,Vidal Seed,30,1,266,Magus Seed
116,*,Zivilyn Bane L33,Zivilyn Bane L33,1,1,1,Red,-1,-1,0b111111000111,X,X,X,X,X,X,"","","",X,X,X,32,4081,5312,-1,-1,9005599,18.0,8,8,12,12,10,10,8,0,0,12,12,0,0,0,10,10,10,10,10,10,10,800,71,Silence + Damage,5,Silence,40,-1,33,118,106,32,159,365,296,236,115,32,-1,-1,1,1,263,Dexus Seed,5,1,260,Paranta Seed,10,1,261,Icyl Seed,30,1,262,Zaal Seed
118,*,Hunter L39b,Hunta,1,1,5,Silver,-1,-1,0b111111001111,X,X,X,X,X,X,"","",X,X,X,X,15,302,114,-1,-1,9000156,18.0,10,10,10,10,11,9,0,9,10,10,10,0,0,0,11,10,10,10,10,10,10,500,-1,None,0,Poison,0,-1,39,137,114,5,139,436,412,275,90,10,-1,-1,2,1,66,Warrior's Pistol,1,1,258,Moonberry,-1,-1,-1,None,-1,-1,-1,None
119,*,Delvax,Delvax,1,1,5,Silver,-1,-1,0b111111001111,X,X,X,X,X,X,"","",X,X,X,X,10,627,223,-1,-1,9000294,18.0,10,10,10,10,11,9,0,9,10,10,10,0,0,0,11,10,10,10,10,10,10,500,-1,None,0,Poison,0,-1,39,137,126,15,232,315,412,344,90,25,-1,-1,2,1,61,Serpent Strike,1,1,258,Moonberry,-1,-1,-1,None,-1,-1,-1,None
120,*,Hopril,Hopril,1,1,5,Silver,-1,-1,0b111111000111,X,X,X,X,X,X,"","","",X,X,X,25,1067,365,-1,-1,9000684,18.0,10,10,10,10,11,9,0,9,0,10,10,0,0,0,11,10,10,10,10,10,10,800,-1,None,0,Poison,0,-1,39,137,126,25,154,344,412,344,90,10,-1,-1,1,1,166,Cupil Ring,1,1,258,Moonberry,-1,-1,-1,None,-1,-1,-1,None
121,*,Elcian,Elcian,1,1,4,Yellow,-1,-1,0b111111001101,X,X,X,X,X,X,"","",X,X,"",X,50,30000,15000,-1,-1,9010000,18.0,10,10,10,10,10,10,0,0,0,0,0,0,0,0,0,10,10,10,10,10,10,500,72,Fatigue + Damage,6,Fatigue,0,-1,50,1200,250,50,400,2000,700,700,200,50,-1,-1,10,1,210,Black Map,10,1,218,Valuan Medallion,50,1,263,Dexus Seed,100,1,258,Moonberry
128,*,Antonio,Antonio,3,3,4,Yellow,-1,-1,0b111111000101,X,X,X,X,X,X,"","","",X,"",X,15,23,75,-1,-1,565,18.0,12,10,8,10,6,12,12,0,0,10,8,0,0,0,0,10,10,10,10,10,10,1500,-1,None,0,Poison,0,-1,2,19,16,15,24,55,48,68,105,15,-1,-1,100,1,273,Electri Box,-1,-1,-1,None,-1,-1,-1,None,-1,-1,-1,None
129,*,Sentinel,Sentinel,3,3,5,Silver,-1,-1,0b011111000111,"",X,X,X,X,X,"","","",X,X,X,30,56,95,-1,-1,871,18.0,6,10,10,12,14,8,0,0,0,0,0,0,0,0,0,10,10,10,10,10,10,2500,-1,None,0,Poison,0,-1,3,32,28,10,31,96,64,88,115,0,-1,-1,100,1,258,Moonberry,-1,-1,-1,None,-1,-1,-1,None,-1,-1,-1,None
130,*,Bleigock,Bleigock,3,3,0,Green,-1,-1,0b111111000101,X,X,X,X,X,X,"","","",X,"",X,10,75,477,-1,-1,6742,18.0,0,30,10,3,3,30,0,0,0,8,10,0,0,0,0,10,10,10,10,10,10,2500,4,Poison + Damage,0,Poison,40,-1,4,47,28,15,32,86,69,69,75,5,-1,-1,100,1,4,Assassin Blade,-1,-1,-1,None,-1,-1,-1,None,-1,-1,-1,None
131,*,Executioner L05,Carcer L05,3,3,4,Yellow,-1,-1,0b111111000101,X,X,X,X,X,X,"","","",X,"",X,15,26,507,-1,-1,1435,18.0,12,10,8,10,8,12,20,0,0,10,5,5,0,0,0,10,10,10,10,10,10,3000,-1,None,0,Poison,0,-1,5,56,37,25,40,100,88,62,95,10,-1,-1,100,1,125,Heavy Armor,-1,-1,-1,None,-1,-1,-1,None,-1,-1,-1,None
132,*,Galcian L05,Galcian L05,1,1,4,Yellow,-1,-1,0b111111000101,X,X,X,X,X,X,"","","",X,"",X,0,0,0,-1,-1,9999999,18.0,12,10,8,10,8,12,0,0,0,0,0,0,0,0,0,10,10,10,10,10,10,2500,-1,None,0,Poison,0,-1,5,89,50,10,31,102,119,119,200,10,-1,-1,-1,-1,-1,None,-1,-1,-1,None,-1,-1,-1,None,-1,-1,-1,None
133,*,Royal Guard L05,Sceptrum Praeses L05,1,1,4,Yellow,-1,-1,0b111111110111,X,X,X,X,X,X,X,X,"",X,X,X,25,14,391,-1,-1,694,18.0,12,10,8,10,6,12,20,0,0,10,0,0,0,0,0,10,10,10,10,10,10,800,-1,None,0,Poison,0,-1,5,53,41,5,45,98,101,84,110,10,-1,-1,100,1,252,Glyph of Might,-1,-1,-1,None,-1,-1,-1,None,-1,-1,-1,None
134,*,Rokwyrm,Rokwyrm,3,3,1,Red,-1,-1,0b011111001001,"",X,X,X,X,X,"","",X,"","",X,20,61,792,-1,-1,3378,18.0,6,1,19,14,10,10,8,0,0,10,0,0,0,0,0,10,10,10,10,10,10,3500,-1,None,0,Poison,0,-1,6,59,54,10,42,112,94,164,105,0,-1,-1,100,1,277,Riselem Box,-1,-1,-1,None,-1,-1,-1,None,-1,-1,-1,None
136,*,Antonio 2,Antonio 2,3,3,4,Yellow,-1,-1,0b111111000101,X,X,X,X,X,X,"","","",X,"",X,15,136,597,-1,-1,3586,18.0,12,10,8,10,8,12,12,0,0,10,8,0,0,0,0,10,10,10,10,10,10,2500,70,Confusion + Damage,4,Confusion,30,-1,8,72,76,25,52,141,122,149,105,15,-1,-1,100,1,258,Moonberry,-1,-1,-1,None,-1,-1,-1,None,-1,-1,-1,None
137,*,Rik'talish,Rik'talish,3,3,0,Green,-1,-1,0b111111000100,X,X,X,X,X,X,"","","",X,"","",15,539,1187,-1,-1,6222,18.0,10,12,10,8,8,12,10,0,0,0,0,0,0,0,0,10,10,10,10,10,10,2500,73,Weak + Damage,8,Weak,30,-1,9,78,58,15,60,170,132,132,105,15,-1,-1,100,1,265,Vidal Seed,-1,-1,-1,None,-1,-1,-1,None,-1,-1,-1,None
138,*,Sinistra,Sinistra,3,3,1,Red,-1,-1,0b111111001001,X,X,X,X,X,X,"","",X,"","",X,20,628,795,-1,-1,2080,18.0,0,0,10,10,0,0,0,0,0,10,10,0,0,0,0,10,10,10,10,10,10,1500,8,Stone + Damage,2,Stone,90,-1,12,88,82,10,69,182,605,102,90,20,-1,-1,100,1,8,Sword of Daccat,-1,-1,-1,None,-1,-1,-1,None,-1,-1,-1,None
139,*,Destra,Destra,3,3,2,Purple,-1,-1,0b111111001001,X,X,X,X,X,X,"","",X,"","",X,20,628,795,-1,-1,2080,18.0,0,10,0,0,10,0,0,0,0,0,0,0,0,0,0,10,10,10,10,10,10,1500,71,Silence + Damage,5,Silence,80,-1,12,88,82,10,69,182,605,0,90,20,-1,-1,100,1,69,Daccat Custom,-1,-1,-1,None,-1,-1,-1,None,-1,-1,-1,None
140,*,Ramirez L13,Ramirez L13,1,1,5,Silver,-1,-1,0b111111000101,X,X,X,X,X,X,"","","",X,"",X,0,0,0,-1,-1,9999999,18.0,8,10,10,12,12,8,0,0,0,0,0,0,0,0,0,10,10,10,10,10,10,2500,8,Stone + Damage,0,Poison,20,-1,13,256,98,10,90,286,192,192,200,80,-1,-1,-1,-1,-1,None,-1,-1,-1,None,-1,-1,-1,None,-1,-1,-1,None
141,*,Vigoro,Vigoro,1,1,1,Red,-1,-1,0b111111000101,X,X,X,X,X,X,"","","",X,"",X,35,630,2044,-1,-1,1882,18.0,8,8,12,12,10,10,8,0,0,12,12,0,0,0,0,10,10,10,10,10,10,2500,-1,None,0,Poison,0,-1,13,91,99,20,140,257,364,228,95,20,-1,-1,100,1,334,Cannon Room Key,-1,-1,-1,None,-1,-1,-1,None,-1,-1,-1,None
142,*,Dralkor Tank,Dralkor Lacus,3,3,1,Red,-1,-1,0b011111000101,"",X,X,X,X,X,"","","",X,"",X,15,1244,2339,-1,-1,1726,18.0,1,1,5,5,3,3,0,0,0,0,0,0,0,0,0,10,10,10,10,10,10,500,-1,None,0,Poison,0,-1,13,94,106,20,109,220,177,165,105,0,-1,-1,100,1,262,Zaal Seed,-1,-1,-1,None,-1,-1,-1,None,-1,-1,-1,None
144,*,Tortigar,Tortigar,3,3,3,Blue,-1,-1,0b111111111001,X,X,X,X,X,X,X,X,X,"","",X,25,15498,4350,-1,-1,9010865,18.0,11,9,11,10,9,10,6,0,6,6,6,6,0,0,6,10,10,10,10,10,10,3500,8,Stone + Damage,2,Stone,80,-1,30,434,179,10,74,368,358,358,90,5,-1,-1,100,1,130,Moonlight Robe,-1,-1,-1,None,-1,-1,-1,None,-1,-1,-1,None
145,*,Jao,Jao,1,1,3,Blue,-1,-1,0b111111000101,X,X,X,X,X,X,"","","",X,"",X,25,2979,1277,-1,-1,9002681,18.0,11,9,11,10,9,10,10,0,5,5,10,0,0,0,5,10,10,10,10,10,10,1000,-1,None,0,Poison,0,-1,29,107,89,25,156,312,268,268,125,25,-1,-1,-1,-1,-1,None,-1,-1,-1,None,-1,-1,-1,None,-1,-1,-1,None
146,*,Mao,Mao,1,1,3,Blue,-1,-1,0b111111000101,X,X,X,X,X,X,"","","",X,"",X,25,2979,1277,-1,-1,9002681,18.0,11,9,11,10,9,10,10,0,5,5,10,0,0,0,5,10,10,10,10,10,10,1000,-1,None,0,Poison,0,-1,29,107,89,25,156,312,268,268,125,25,-1,-1,100,1,258,Moonberry,-1,-1,-1,None,-1,-1,-1,None,-1,-1,-1,None
147,*,Muraji,Muraji,1,1,3,Blue,-1,-1,0b110000110111,X,X,"","","","",X,X,"",X,X,X,0,3873,1971,-1,-1,9003286,18.0,11,9,11,10,9,10,20,0,20,20,0,0,0,0,20,10,10,10,10,10,10,1000,-1,None,0,Poison,0,-1,31,143,93,0,126,186,224,336,0,25,-1,-1,100,4,245,Magic Dew,-1,-1,-1,None,-1,-1,-1,None,-1,-1,-1,None
148,*,Veltarn,Veltarn,3,3,2,Purple,-1,-1,0b111111000110,X,X,X,X,X,X,"","","",X,X,"",20,13427,6491,-1,-1,9010801,18.0,11,14,7,9,10,10,0,0,4,4,4,0,0,0,4,10,10,10,10,10,10,3500,70,Confusion + Damage,4,Confusion,40,-1,33,120,187,15,189,400,375,375,100,15,-1,-1,100,1,270,Crystalen Box,-1,-1,-1,None,-1,-1,-1,None,-1,-1,-1,None
149,*,Vigoro,Vigoro,1,1,1,Red,-1,-1,0b111111000101,X,X,X,X,X,X,"","","",X,"",X,35,18629,6812,-1,-1,9014353,18.0,9,9,11,11,10,10,4,0,4,4,4,0,0,0,4,10,10,10,10,10,10,1000,70,Confusion + Damage,4,Confusion,80,-1,37,132,243,20,149,498,365,365,95,20,-1,-1,100,1,260,Paranta Seed,-1,-1,-1,None,-1,-1,-1,None,-1,-1,-1,None
150,*,Dracoslyth,Dracoslyth,3,3,1,Red,-1,-1,0b111111001111,X,X,X,X,X,X,"","",X,X,X,X,15,3757,1338,-1,-1,9006193,18.0,9,7,14,11,10,10,3,5,5,7,7,0,0,0,5,10,10,10,10,10,10,3500,-1,None,0,Poison,0,-1,39,137,172,15,154,484,344,344,95,10,-1,-1,5,1,181,Defensive Aura,1,1,258,Moonberry,-1,-1,-1,None,-1,-1,-1,None
151,*,Galcian L38,Galcian L38,1,1,4,Yellow,-1,-1,0b111111000101,X,X,X,X,X,X,"","","",X,"",X,20,29884,10387,-1,-1,9021761,18.0,9,10,10,11,9,11,0,0,0,0,0,0,0,0,0,10,10,10,10,10,10,1000,-1,None,0,Poison,0,-1,38,207,113,15,153,453,340,340,120,10,-1,-1,100,1,218,Valuan Medallion,-1,-1,-1,None,-1,-1,-1,None,-1,-1,-1,None
152,*,Ramirez L37,Ramirez L37,1,1,5,Silver,-1,-1,0b111111000101,X,X,X,X,X,X,"","","",X,"",X,15,0,0,-1,-1,9999999,18.0,10,10,10,10,10,10,0,0,0,0,0,0,0,0,0,10,10,10,10,10,10,1000,-1,None,0,Poison,0,-1,37,164,191,15,177,574,574,574,120,25,-1,-1,-1,-1,-1,None,-1,-1,-1,None,-1,-1,-1,None,-1,-1,-1,None
153,*,Ramirez L39,Ramirez L39,1,1,5,Silver,-1,-1,0b111111000111,X,X,X,X,X,X,"","","",X,X,X,20,31338,0,-1,-1,9022273,18.0,10,10,10,10,10,10,0,0,0,0,0,0,0,0,0,10,10,10,10,10,10,1000,73,Weak + Damage,8,Weak,60,-1,39,541,116,20,203,522,348,348,120,20,-1,-1,-1,-1,-1,None,-1,-1,-1,None,-1,-1,-1,None,-1,-1,-1,None
154,*,Eliminator,Eliminator,3,3,5,Silver,-1,-1,0b011111000111,"",X,X,X,X,X,"","","",X,X,X,30,18629,6812,-1,-1,9020721,18.0,10,10,10,10,11,9,0,0,4,4,4,0,0,0,4,10,10,10,10,10,10,3000,-1,None,0,Poison,0,-1,37,132,116,10,134,421,332,365,115,0,-1,-1,100,1,258,Moonberry,-1,-1,-1,None,-1,-1,-1,None,-1,-1,-1,None
155,*,Gordo,Gordo,1,1,1,Red,-1,-1,0b111111000111,X,X,X,X,X,X,"","","",X,X,X,5,264,485,-1,-1,2058,18.0,1,1,5,5,3,3,8,0,0,18,0,18,0,0,0,10,10,10,10,10,10,2000,-1,None,0,Poison,0,-1,11,80,59,5,63,171,160,160,80,5,-1,-1,100,1,259,Cham,-1,-1,-1,None,-1,-1,-1,None,-1,-1,-1,None
156,*,Mad Chef,Furiosus,1,1,1,Red,-1,-1,0b111111000111,X,X,X,X,X,X,"","","",X,X,X,15,59,188,-1,-1,221,18.0,1,1,3,3,2,2,0,0,0,12,12,12,0,0,0,10,10,10,10,10,10,800,4,Poison + Damage,0,Poison,70,-1,11,90,57,15,59,158,137,91,100,10,-1,-1,10,1,288,Spiked Sunfish,20,2,286,Red Sardis,30,10,287,Flying Fish,40,20,285,Sky Sardis
157,*,Ramirez L40,Ramirez L40,3,3,5,Silver,-1,-1,0b111111001101,X,X,X,X,X,X,"","",X,X,"",X,25,0,0,-1,-1,9024001,18.0,10,10,10,10,10,10,0,0,0,0,0,0,0,0,0,10,10,10,10,10,10,3500,73,Weak + Damage,8,Weak,20,-1,40,550,134,25,174,528,404,404,120,15,-1,-1,-1,-1,-1,None,-1,-1,-1,None,-1,-1,-1,None,-1,-1,-1,None
158,*,Piastol A15,Piastol A15,1,1,3,Blue,-1,-1,0b111111000111,X,X,X,X,X,X,"","","",X,X,X,30,3545,2217,-1,-1,9003928,18.0,11,9,11,10,9,10,0,0,0,0,0,0,0,0,0,10,10,10,10,10,10,1500,-1,None,0,Poison,0,-1,15,99,54,15,136,192,60,266,130,30,-1,-1,-1,-1,-1,None,-1,-1,-1,None,-1,-1,-1,None,-1,-1,-1,None
159,*,Piastol A18,Piastol A18,1,1,3,Blue,-1,-1,0b111111000111,X,X,X,X,X,X,"","","",X,X,X,30,5054,2759,-1,-1,9005039,18.0,11,9,11,10,9,10,0,0,0,0,0,0,0,0,0,10,10,10,10,10,10,1500,-1,None,0,Poison,0,-1,18,145,65,15,158,223,82,308,130,30,-1,-1,-1,-1,-1,None,-1,-1,-1,None,-1,-1,-1,None,-1,-1,-1,None
160,*,Piastol A23,Piastol A23,1,1,3,Blue,-1,-1,0b111111000111,X,X,X,X,X,X,"","","",X,X,X,30,8076,3703,-1,-1,9006178,18.0,11,9,11,10,9,10,0,0,0,0,0,0,0,0,0,10,10,10,10,10,10,1500,-1,None,0,Poison,0,-1,23,222,79,15,194,274,101,378,130,30,-1,-1,-1,-1,-1,None,-1,-1,-1,None,-1,-1,-1,None,-1,-1,-1,None
161,*,Piastol A28,Piastol A28,1,1,3,Blue,-1,-1,0b111111000111,X,X,X,X,X,X,"","","",X,X,X,30,11704,4689,-1,-1,9007086,18.0,11,9,11,10,9,10,0,0,0,0,0,0,0,0,0,10,10,10,10,10,10,1500,-1,None,0,Poison,0,-1,28,298,96,15,230,324,133,448,130,30,-1,-1,-1,-1,-1,None,-1,-1,-1,None,-1,-1,-1,None,-1,-1,-1,None
162,*,Piastol A33,Piastol A33,1,1,3,Blue,-1,-1,0b111111000111,X,X,X,X,X,X,"","","",X,X,X,30,15913,5711,-1,-1,9008557,18.0,11,9,11,10,9,10,0,0,0,0,0,0,0,0,0,10,10,10,10,10,10,1500,-1,None,0,Poison,0,-1,33,375,114,15,266,375,171,518,130,30,-1,-1,-1,-1,-1,None,-1,-1,-1,None,-1,-1,-1,None,-1,-1,-1,None
163,*,Piastol B30,Piastol B30,1,1,3,Blue,-1,-1,0b111111000111,X,X,X,X,X,X,"","","",X,X,X,31,13319,5093,-1,-1,9009166,18.0,11,9,11,10,9,10,0,0,0,0,0,0,0,0,0,10,10,10,10,10,10,1500,8,Stone + Damage,2,Stone,80,-1,30,327,108,16,269,351,108,484,131,31,-1,-1,-1,-1,-1,None,-1,-1,-1,None,-1,-1,-1,None,-1,-1,-1,None
164,*,Piastol B33,Piastol B33,1,1,3,Blue,-1,-1,0b111111000111,X,X,X,X,X,X,"","","",X,X,X,31,15913,5711,-1,-1,9010086,18.0,11,9,11,10,9,10,0,0,0,0,0,0,0,0,0,10,10,10,10,10,10,1500,8,Stone + Damage,2,Stone,80,-1,33,373,129,16,293,382,183,526,131,31,-1,-1,-1,-1,-1,None,-1,-1,-1,None,-1,-1,-1,None,-1,-1,-1,None
165,*,Piastol B38,Piastol B38,1,1,3,Blue,-1,-1,0b111111000111,X,X,X,X,X,X,"","","",X,X,X,31,20683,6764,-1,-1,9011346,18.0,11,9,11,10,9,10,0,0,0,0,0,0,0,0,0,10,10,10,10,10,10,1500,8,Stone + Damage,2,Stone,80,-1,38,450,176,16,332,434,362,598,131,31,-1,-1,-1,-1,-1,None,-1,-1,-1,None,-1,-1,-1,None,-1,-1,-1,None
166,*,Spell Warden L01a,Venificus L01a,1,1,2,Purple,-1,-1,0b111111000111,X,X,X,X,X,X,"","","",X,X,X,5,2,50,-1,-1,406,18.0,10,12,8,8,12,10,10,0,0,5,0,0,0,0,20,10,10,10,10,10,10,1500,-1,None,0,Poison,0,-1,1,0,20,5,18,36,30,104,70,25,-1,-1,100,1,244,Magic Droplet,-1,-1,-1,None,-1,-1,-1,None,-1,-1,-1,None
167,*,Spell Warden L01b,Venificus L01b,1,1,1,Red,-1,-1,0b111111000111,X,X,X,X,X,X,"","","",X,X,X,5,2,50,-1,-1,406,18.0,8,8,12,12,10,10,5,0,0,20,0,0,0,0,10,10,10,10,10,10,10,1500,-1,None,0,Poison,0,-1,1,30,20,5,18,36,30,104,70,25,-1,-1,-1,-1,-1,None,-1,-1,-1,None,-1,-1,-1,None,-1,-1,-1,None
168,*,Piastol C35,Piastol C35,1,1,3,Blue,-1,-1,0b111111000111,X,X,X,X,X,X,"","","",X,X,X,32,17754,6128,-1,-1,9010371,18.0,11,9,11,10,9,10,0,0,0,0,0,0,0,0,0,10,10,10,10,10,10,1500,8,Stone + Damage,2,Stone,80,-1,35,419,166,17,322,411,346,564,132,32,-1,-1,-1,-1,-1,None,-1,-1,-1,None,-1,-1,-1,None,-1,-1,-1,None
169,*,Piastol C38,Piastol C38,1,1,3,Blue,-1,-1,0b111111000111,X,X,X,X,X,X,"","","",X,X,X,32,20683,6764,-1,-1,9011183,18.0,11,9,11,10,9,10,0,0,0,0,0,0,0,0,0,10,10,10,10,10,10,1500,8,Stone + Damage,2,Stone,80,-1,38,467,179,17,347,443,372,608,132,32,-1,-1,-1,-1,-1,None,-1,-1,-1,None,-1,-1,-1,None,-1,-1,-1,None
170,*,Royal Guard L01,Sceptrum Praeses L01,1,1,4,Yellow,-1,-1,0b111111110111,X,X,X,X,X,X,X,X,"",X,X,X,25,6,100,-1,-1,668,18.0,12,10,8,10,6,12,20,0,0,10,0,0,0,0,5,10,10,10,10,10,10,3000,-1,None,0,Poison,0,-1,1,7,21,5,21,62,42,60,110,10,-1,-1,100,1,87,Valuan Uniform,-1,-1,-1,None,-1,-1,-1,None,-1,-1,-1,None
171,*,Kantor L02,Kantor L02,3,3,4,Yellow,-1,-1,0b111111000101,X,X,X,X,X,X,"","","",X,"",X,15,23,75,-1,-1,415,18.0,12,10,8,10,6,12,12,0,0,10,8,0,0,0,8,10,10,10,10,10,10,1500,-1,None,0,Poison,0,-1,2,19,16,15,24,55,48,68,105,15,-1,-1,-1,-1,-1,None,-1,-1,-1,None,-1,-1,-1,None,-1,-1,-1,None
172,*,Kantor L08,Kantor L08,3,3,4,Yellow,-1,-1,0b111111000101,X,X,X,X,X,X,"","","",X,"",X,15,68,299,-1,-1,1793,18.0,12,10,8,10,8,12,12,0,0,10,8,0,0,0,0,10,10,10,10,10,10,500,70,Confusion + Damage,4,Confusion,70,-1,8,72,76,25,52,141,122,149,105,15,-1,-1,-1,-1,-1,None,-1,-1,-1,None,-1,-1,-1,None,-1,-1,-1,None
173,*,Piastol D40,Piastol D40,1,1,3,Blue,-1,-1,0b111111000111,X,X,X,X,X,X,"","","",X,X,X,33,22745,7194,-1,-1,9011722,18.0,11,9,11,10,9,10,0,0,0,0,0,0,0,0,0,10,10,10,10,10,10,1500,8,Stone + Damage,2,Stone,80,-1,40,518,207,18,380,493,397,640,133,33,-1,-1,100,1,120,Light Dress,-1,-1,-1,None,-1,-1,-1,None,-1,-1,-1,None
175,*,Polraxis L09b,Polraxis L09b,1,1,1,Red,-1,-1,0b111111001111,X,X,X,X,X,X,"","",X,X,X,X,30,4,109,-1,-1,219,18.0,0,0,10,10,0,0,0,0,0,0,0,0,0,0,0,10,10,10,10,10,10,500,8,Stone + Damage,2,Stone,30,-1,9,68,76,30,87,126,431,91,120,10,-1,-1,100,4,244,Magic Droplet,-1,-1,-1,None,-1,-1,-1,None,-1,-1,-1,None
176,*,Polraxis L09c,Polraxis L09c,1,1,2,Purple,-1,-1,0b111111001111,X,X,X,X,X,X,"","",X,X,X,X,30,4,109,-1,-1,219,18.0,0,10,0,0,10,0,0,0,0,0,0,0,0,0,0,10,10,10,10,10,10,500,71,Silence + Damage,5,Silence,30,-1,9,68,76,30,87,126,431,91,120,10,-1,-1,-1,-1,-1,None,-1,-1,-1,None,-1,-1,-1,None,-1,-1,-1,None
177,*,Polraxis L09d,Polraxis L09d,1,1,3,Blue,-1,-1,0b111111001111,X,X,X,X,X,X,"","",X,X,X,X,30,4,109,-1,-1,219,18.0,10,0,10,0,0,0,0,0,0,0,0,0,0,0,0,10,10,10,10,10,10,500,69,Sleep + Damage,3,Sleep,30,-1,9,68,76,30,87,126,431,91,120,10,-1,-1,-1,-1,-1,None,-1,-1,-1,None,-1,-1,-1,None,-1,-1,-1,None
178,*,Tara L35,Tara L35,1,1,0,Green,-1,-1,0b111111000111,X,X,X,X,X,X,"","","",X,X,X,40,5046,2636,-1,-1,9004857,18.0,9,9,11,11,9,11,0,0,0,0,0,0,0,0,0,10,10,10,10,10,10,1500,69,Sleep + Damage,3,Sleep,40,-1,35,124,165,30,203,378,365,187,150,20,-1,-1,100,1,251,Riselem Crystal,-1,-1,-1,None,-1,-1,-1,None,-1,-1,-1,None
179,*,Tara L38,Tara L38,1,1,0,Green,-1,-1,0b111111000111,X,X,X,X,X,X,"","","",X,X,X,41,5878,2910,-1,-1,9005298,18.0,9,9,11,11,9,11,0,0,0,0,0,0,0,0,0,10,10,10,10,10,10,1500,69,Sleep + Damage,3,Sleep,40,-1,38,134,211,31,219,479,504,201,151,21,-1,-1,100,1,251,Riselem Crystal,-1,-1,-1,None,-1,-1,-1,None,-1,-1,-1,None
180,*,Mage Warden L08a,Custodiae L08a,1,1,4,Yellow,-1,-1,0b111111110101,X,X,X,X,X,X,X,X,"",X,"",X,5,31,252,-1,-1,2117,18.0,20,10,5,10,5,20,20,0,0,10,5,0,0,0,0,10,10,10,10,10,10,1000,-1,None,0,Poison,0,-1,8,86,83,5,108,129,136,191,70,25,-1,-1,100,1,242,Sacrum Crystal,-1,-1,-1,None,-1,-1,-1,None,-1,-1,-1,None
181,*,Mage Warden L08b,Custodiae L08b,1,1,4,Yellow,-1,-1,0b111111110101,X,X,X,X,X,X,X,X,"",X,"",X,5,31,252,-1,-1,2117,18.0,20,10,5,10,5,20,20,0,0,10,5,0,0,0,0,10,10,10,10,10,10,1000,-1,None,0,Poison,0,-1,8,86,83,5,108,129,136,191,70,25,-1,-1,100,1,271,Wevles Box,-1,-1,-1,None,-1,-1,-1,None,-1,-1,-1,None
182,*,Executioner L11,Carcer L11,3,3,4,Yellow,-1,-1,0b111111000101,X,X,X,X,X,X,"","","",X,"",X,15,448,432,-1,-1,3048,18.0,12,10,8,10,8,12,20,0,0,10,5,5,0,0,0,10,10,10,10,10,10,2500,73,Weak + Damage,8,Weak,70,-1,11,111,111,25,63,197,185,151,95,10,-1,-1,100,2,242,Sacrum Crystal,-1,-1,-1,None,-1,-1,-1,None,-1,-1,-1,None
183,*,Lira L35,Lira L35,1,1,0,Green,-1,-1,0b111111000111,X,X,X,X,X,X,"","","",X,X,X,5,3566,1876,-1,-1,9004183,18.0,10,10,10,11,10,10,0,0,0,0,0,0,0,0,0,10,10,10,10,10,10,1500,-1,None,0,Poison,0,-1,35,212,101,8,105,221,205,405,70,55,-1,-1,100,1,246,Aura of Valor,-1,-1,-1,None,-1,-1,-1,None,-1,-1,-1,None
184,*,Lira L38,Lira L38,1,1,0,Green,-1,-1,0b111111000111,X,X,X,X,X,X,"","","",X,X,X,6,4155,2071,-1,-1,9004505,18.0,10,10,10,11,10,10,0,0,0,0,0,0,0,0,0,10,10,10,10,10,10,1500,-1,None,0,Poison,0,-1,38,261,131,9,113,238,352,436,71,56,-1,-1,100,1,246,Aura of Valor,-1,-1,-1,None,-1,-1,-1,None,-1,-1,-1,None
188,*,Pera L35,Pera L35,1,1,0,Green,-1,-1,0b111111000111,X,X,X,X,X,X,"","","",X,X,X,10,5767,2993,-1,-1,9004766,18.0,9,10,10,11,10,10,0,0,0,0,0,0,0,0,0,10,10,10,10,10,10,1500,70,Confusion + Damage,4,Confusion,90,-1,35,113,100,15,154,312,302,302,100,5,-1,-1,100,1,296,Tropica ,-1,-1,-1,None,-1,-1,-1,None,-1,-1,-1,None
189,*,Pera L38,Pera L38,1,1,0,Green,-1,-1,0b111111000111,X,X,X,X,X,X,"","","",X,X,X,11,6718,3303,-1,-1,9005121,18.0,9,10,10,11,10,10,0,0,0,0,0,0,0,0,0,10,10,10,10,10,10,1500,70,Confusion + Damage,4,Confusion,90,-1,38,134,129,16,166,339,453,325,101,6,-1,-1,100,1,296,Tropica ,-1,-1,-1,None,-1,-1,-1,None,-1,-1,-1,None
193,*,Daikokuya,Daikokuya,3,3,3,Blue,-1,-1,0b011111110000,"",X,X,X,X,X,X,X,"","","","",20,12248,8950,-1,-1,9017389,35.0,10,11,9,9,11,10,0,0,0,0,0,0,0,0,0,10,10,10,10,10,10,2200,-1,None,0,Poison,0,-1,40,123,151,15,190,434,385,373,100,15,-1,-1,100,1,300,Pharax Idol,-1,-1,-1,None,-1,-1,-1,None,-1,-1,-1,None
198,*,Rupee L15,Rupee L15,1,1,1,Red,-1,-1,0b110000110000,X,X,"","","","",X,X,"","","","",0,1955,2990,-1,-1,9003071,12.0,9,9,11,11,10,10,0,0,0,0,0,0,0,0,0,10,10,10,10,10,10,1400,-1,None,0,Poison,0,-1,15,249,57,9,82,184,100,167,95,15,-1,-1,100,1,212,Captain's Hat,-1,-1,-1,None,-1,-1,-1,None,-1,-1,-1,None
199,*,Rupee L18,Rupee L18,1,1,1,Red,-1,-1,0b110000110000,X,X,"","","","",X,X,"","","","",0,2787,3722,-1,-1,9003647,12.0,9,9,11,11,10,10,0,0,0,0,0,0,0,0,0,10,10,10,10,10,10,1400,-1,None,0,Poison,0,-1,18,252,67,10,95,217,117,193,100,20,-1,-1,100,1,212,Captain's Hat,-1,-1,-1,None,-1,-1,-1,None,-1,-1,-1,None
200,*,Rupee L23,Rupee L23,1,1,1,Red,-1,-1,0b110000110000,X,X,"","","","",X,X,"","","","",0,4452,4994,-1,-1,9004279,12.0,9,9,11,11,10,10,0,0,0,0,0,0,0,0,0,10,10,10,10,10,10,1400,-1,None,0,Poison,0,-1,23,312,93,11,116,271,151,280,102,22,-1,-1,100,1,212,Captain's Hat,-1,-1,-1,None,-1,-1,-1,None,-1,-1,-1,None
201,*,Rupee L33,Rupee L33,1,1,1,Red,-1,-1,0b110000110000,X,X,"","","","",X,X,"","","","",0,8773,7703,-1,-1,9005676,12.0,9,9,11,11,10,10,0,0,0,0,0,0,0,0,0,10,10,10,10,10,10,1400,-1,None,0,Poison,0,-1,33,432,137,12,159,379,192,444,104,23,-1,-1,100,1,212,Captain's Hat,-1,-1,-1,None,-1,-1,-1,None,-1,-1,-1,None
202,*,Rupee L40,Rupee L40,1,1,1,Red,-1,-1,0b110000110000,X,X,"","","","",X,X,"","","","",0,12539,9703,-1,-1,9006361,12.0,9,9,11,11,10,10,0,0,0,0,0,0,0,0,0,10,10,10,10,10,10,1400,-1,None,0,Poison,0,-1,40,662,183,13,190,455,302,545,105,25,-1,-1,100,1,212,Captain's Hat,-1,-1,-1,None,-1,-1,-1,None,-1,-1,-1,None
208,*,Barta L15,Barta L15,1,1,1,Red,-1,-1,0b111111000111,X,X,X,X,X,X,"","","",X,X,X,30,7454,644,-1,-1,9004341,22.0,9,9,11,11,10,10,0,0,0,0,0,0,0,0,0,10,10,10,10,10,10,1600,-1,None,0,Poison,0,-1,15,60,46,12,116,166,127,60,126,5,-1,-1,100,1,260,Paranta Seed,-1,-1,-1,None,-1,-1,-1,None,-1,-1,-1,None
209,*,Barta L18,Barta L18,1,1,1,Red,-1,-1,0b111111000111,X,X,X,X,X,X,"","","",X,X,X,31,10627,802,-1,-1,9005079,22.0,9,9,11,11,10,10,0,0,0,0,0,0,0,0,0,10,10,10,10,10,10,1600,-1,None,0,Poison,0,-1,18,70,54,13,142,234,149,70,127,6,-1,-1,100,1,260,Paranta Seed,-1,-1,-1,None,-1,-1,-1,None,-1,-1,-1,None
210,*,Barta L23,Barta L23,1,1,1,Red,-1,-1,0b111111000111,X,X,X,X,X,X,"","","",X,X,X,32,16980,1076,-1,-1,9005776,22.0,9,9,11,11,10,10,0,0,0,0,0,0,0,0,0,10,10,10,10,10,10,1600,-1,None,0,Poison,0,-1,23,86,75,14,184,308,216,86,128,7,-1,-1,100,1,260,Paranta Seed,-1,-1,-1,None,-1,-1,-1,None,-1,-1,-1,None
211,*,Barta L33,Barta L33,1,1,1,Red,-1,-1,0b111111000111,X,X,X,X,X,X,"","","",X,X,X,33,33457,1660,-1,-1,9008031,22.0,9,9,11,11,10,10,0,0,0,0,0,0,0,0,0,10,10,10,10,10,10,1600,-1,None,0,Poison,0,-1,33,118,97,15,253,403,272,118,129,8,-1,-1,100,1,260,Paranta Seed,-1,-1,-1,None,-1,-1,-1,None,-1,-1,-1,None
212,*,Barta L40,Barta L40,1,1,1,Red,-1,-1,0b111111000111,X,X,X,X,X,X,"","","",X,X,X,34,47823,2091,-1,-1,9008951,22.0,9,9,11,11,10,10,0,0,0,0,0,0,0,0,0,10,10,10,10,10,10,1600,-1,None,0,Poison,0,-1,40,140,147,16,316,459,450,140,130,9,-1,-1,100,1,260,Paranta Seed,-1,-1,-1,None,-1,-1,-1,None,-1,-1,-1,None
213,*,Vize L35,Vize L35,1,1,3,Blue,-1,-1,0b111111000111,X,X,X,X,X,X,"","","",X,X,X,10,6829,2066,-1,-1,9006757,18.0,11,9,11,10,9,10,0,0,0,0,0,0,0,0,0,10,10,10,10,10,10,1500,-1,None,0,Poison,0,-1,35,124,107,15,105,481,380,156,100,12,-1,-1,100,1,71,Tuna Cutlass,-1,-1,-1,None,-1,-1,-1,None,-1,-1,-1,None
214,*,Vize L38,Vize L38,1,1,3,Blue,-1,-1,0b111111000111,X,X,X,X,X,X,"","","",X,X,X,11,7955,2281,-1,-1,9007392,18.0,11,9,11,10,9,10,0,0,0,0,0,0,0,0,0,10,10,10,10,10,10,1500,72,Fatigue + Damage,6,Fatigue,80,-1,38,134,116,16,114,525,413,168,101,13,-1,-1,100,1,71,Tuna Cutlass,-1,-1,-1,None,-1,-1,-1,None,-1,-1,-1,None
218,*,Anita L35,Anita L35,1,1,1,Red,-1,-1,0b111111000111,X,X,X,X,X,X,"","","",X,X,X,8,5918,1852,-1,-1,9006241,18.0,9,9,11,11,10,10,0,0,0,0,0,0,0,0,0,10,10,10,10,10,10,1500,73,Weak + Damage,8,Weak,80,-1,35,278,97,10,140,403,333,249,80,10,-1,-1,100,1,72,Swirlmerang,-1,-1,-1,None,-1,-1,-1,None,-1,-1,-1,None
219,*,Anita L38,Anita L38,1,1,1,Red,-1,-1,0b111111000111,X,X,X,X,X,X,"","","",X,X,X,9,6895,2045,-1,-1,9006737,18.0,9,9,11,11,10,10,0,0,0,0,0,0,0,0,0,10,10,10,10,10,10,1500,73,Weak + Damage,8,Weak,80,-1,38,308,105,11,166,443,362,268,81,11,-1,-1,100,1,72,Swirlmerang,-1,-1,-1,None,-1,-1,-1,None,-1,-1,-1,None
223,*,Faina L35,Faina L35,1,1,4,Yellow,-1,-1,0b110000110111,X,X,"","","","",X,X,"",X,X,X,0,4325,1282,-1,-1,9005743,18.0,9,10,10,11,9,11,0,0,0,0,0,0,0,0,0,10,10,10,10,10,10,1500,-1,None,0,Poison,0,-1,35,386,100,8,70,286,293,312,50,8,-1,-1,100,1,121,Focus Robe,-1,-1,-1,None,-1,-1,-1,None,-1,-1,-1,None
224,*,Faina L38,Faina L38,1,1,4,Yellow,-1,-1,0b110000110111,X,X,"","","","",X,X,"",X,X,X,0,5039,1415,-1,-1,9006361,18.0,9,10,10,11,9,11,0,0,0,0,0,0,0,0,0,10,10,10,10,10,10,1500,-1,None,0,Poison,0,-1,38,450,110,9,75,308,329,336,51,8,-1,-1,100,1,121,Focus Robe,-1,-1,-1,None,-1,-1,-1,None,-1,-1,-1,None
228,*,Lord Bane,Lord Bane,1,1,1,Red,-1,-1,0b111111000111,X,X,X,X,X,X,"","","",X,X,X,34,5541,6524,-1,-1,9010883,18.0,9,9,11,11,10,10,0,0,0,0,0,0,0,0,0,10,10,10,10,10,10,2200,-1,None,0,Poison,0,-1,40,140,118,137,205,420,387,204,115,34,-1,-1,10,1,263,Dexus Seed,30,1,264,Sylph Seed,50,1,265,Vidal Seed,100,1,266,Magus Seed
233,*,Gunarm L30,Gunarm L30,3,3,4,Yellow,-1,-1,0b010000110000,"",X,"","","","",X,X,"","","","",0,8452,4916,-1,-1,9008052,40.0,10,10,10,10,9,11,0,0,0,0,0,0,0,0,0,10,10,10,10,10,10,2500,-1,None,0,Poison,0,-1,30,108,149,21,73,383,367,81,110,0,-1,-1,100,1,119,Berzerker Mail,-1,-1,-1,None,-1,-1,-1,None,-1,-1,-1,None
234,*,Gunarm L33,Gunarm L33,3,3,4,Yellow,-1,-1,0b010000110000,"",X,"","","","",X,X,"","","","",0,10099,5511,-1,-1,9008796,40.0,10,10,10,10,9,11,0,0,0,0,0,0,0,0,0,10,10,10,10,10,10,2500,-1,None,0,Poison,0,-1,33,118,170,22,86,407,423,88,111,0,-1,-1,100,1,119,Berzerker Mail,-1,-1,-1,None,-1,-1,-1,None,-1,-1,-1,None
235,*,Gunarm L38,Gunarm L38,3,3,4,Yellow,-1,-1,0b010000110000,"",X,"","","","",X,X,"","","","",0,13126,6528,-1,-1,9009792,40.0,10,10,10,10,9,11,0,0,0,0,0,0,0,0,0,10,10,10,10,10,10,2500,-1,None,0,Poison,0,-1,38,134,201,23,98,438,504,100,112,0,-1,-1,100,1,119,Berzerker Mail,-1,-1,-1,None,-1,-1,-1,None,-1,-1,-1,None
238,*,Vigoro,Vigoro,1,1,1,Red,-1,-1,0b111111000101,X,X,X,X,X,X,"","","",X,"",X,60,44296,11974,-1,-1,9030471,18.0,9,9,11,11,10,10,0,0,0,0,0,0,0,0,0,10,10,10,10,10,10,1500,70,Confusion + Damage,4,Confusion,95,-1,60,204,426,20,230,904,716,563,95,20,-1,-1,100,1,213,Mesh Tights,-1,-1,-1,None,-1,-1,-1,None,-1,-1,-1,None
243,*,DeathHound L23,DeathHound L23,1,1,0,Green,-1,-1,0b111111000111,X,X,X,X,X,X,"","","",X,X,X,22,2175,818,-1,-1,9003680,18.0,10,20,5,5,20,10,9,0,10,9,9,0,0,0,11,10,10,10,10,10,10,500,72,Fatigue + Damage,6,Fatigue,80,-1,23,115,45,12,116,221,58,216,110,22,-1,-1,-1,-1,-1,None,-1,-1,-1,None,-1,-1,-1,None,-1,-1,-1,None
244,*,DeathHound L38,DeathHound L38,1,1,0,Green,-1,-1,0b111111000111,X,X,X,X,X,X,"","","",X,X,X,23,5569,1494,-1,-1,9005692,18.0,10,20,5,5,20,10,9,0,10,9,9,0,0,0,11,10,10,10,10,10,10,500,72,Fatigue + Damage,6,Fatigue,80,-1,38,209,90,13,184,354,201,339,111,23,-1,-1,-1,-1,-1,None,-1,-1,-1,None,-1,-1,-1,None,-1,-1,-1,None
245,*,DeathHound L43,DeathHound L43,1,1,0,Green,-1,-1,0b111111000111,X,X,X,X,X,X,"","","",X,X,X,24,7000,1733,-1,-1,9006338,18.0,10,20,5,5,20,10,9,0,10,9,9,0,0,0,11,10,10,10,10,10,10,500,72,Fatigue + Damage,6,Fatigue,80,-1,43,240,125,24,208,409,372,383,112,24,-1,-1,-1,-1,-1,None,-1,-1,-1,None,-1,-1,-1,None,-1,-1,-1,None
246,*,DeathHound L48,DeathHound L48,1,1,0,Green,-1,-1,0b111111000111,X,X,X,X,X,X,"","","",X,X,X,25,8575,1978,-1,-1,9006965,18.0,10,20,5,5,20,10,9,0,10,9,9,0,0,0,11,10,10,10,10,10,10,500,72,Fatigue + Damage,6,Fatigue,80,-1,48,272,152,25,232,468,486,428,113,25,-1,-1,-1,-1,-1,None,-1,-1,-1,None,-1,-1,-1,None,-1,-1,-1,None
248,*,Youjin,Youjin,1,1,3,Blue,-1,-1,0b111111000101,X,X,X,X,X,X,"","","",X,"",X,20,1157,391,-1,-1,9005236,18.0,10,9,10,10,9,10,11,10,10,10,11,0,0,0,9,10,10,10,10,10,10,400,-1,None,0,Poison,0,-1,58,198,132,25,245,707,401,396,110,10,-1,-1,5,1,291,Gold Pollen,-1,-1,-1,None,-1,-1,-1,None,-1,-1,-1,None
250,*,Boo,Boo,1,1,3,Blue,-1,-1,0b111111000111,X,X,X,X,X,X,"","","",X,X,X,10,5204,1437,-1,-1,9005223,18.0,10,9,10,10,9,10,11,10,10,10,11,0,0,0,9,10,10,10,10,10,10,400,-1,None,0,Poison,0,-1,58,198,129,20,290,654,381,396,100,20,-1,-1,5,1,291,Gold Pollen,-1,-1,-1,None,-1,-1,-1,None,-1,-1,-1,None
251,*,Zivilyn Bane L48,Zivilyn Bane L48,1,1,1,Red,-1,-1,0b111111000111,X,X,X,X,X,X,"","","",X,X,X,24,817,1145,-1,-1,9002526,18.0,8,8,12,12,10,10,8,0,0,12,12,0,0,0,10,10,10,10,10,10,10,400,-1,None,0,Poison,0,-1,48,166,149,24,205,381,416,332,115,24,-1,-1,-1,-1,-1,None,-1,-1,-1,None,-1,-1,-1,None,-1,-1,-1,None
254,*,Frock,Frock,1,1,4,Yellow,-1,-1,0b111111110101,X,X,X,X,X,X,X,X,"",X,"",X,9,971,429,-1,-1,9000780,5.0,9,10,10,11,9,11,0,0,0,0,0,0,0,0,0,10,10,10,10,10,10,70,-1,None,0,Poison,0,-1,55,188,125,60,220,417,212,542,75,32,-1,-1,5,1,495,Thermal Grease,-1,-1,-1,None,-1,-1,-1,None,-1,-1,-1,None
