Entry ID,[Finalized],Magic EXP,Chara. #0 ID,[Chara. #0 name],Chara. #0 X,Chara. #0 Z,Chara. #1 ID,[Chara. #1 name],Chara. #1 X,Chara. #1 Z,Chara. #2 ID,[Chara. #2 name],Chara. #2 X,Chara. #2 Z,Chara. #3 ID,[Chara. #3 name],Chara. #3 X,Chara. #3 Z,Enemy #0 ID,[JP enemy #0 name],[US enemy #0 name],Enemy #0 X,Enemy #0 Z,Enemy #1 ID,[JP enemy #1 name],[US enemy #1 name],Enemy #1 X,Enemy #1 Z,Enemy #2 ID,[JP enemy #2 name],[US enemy #2 name],Enemy #2 X,Enemy #2 Z,Enemy #3 ID,[JP enemy #3 name],[US enemy #3 name],Enemy #3 X,Enemy #3 Z,Enemy #4 ID,[JP enemy #4 name],[US enemy #4 name],Enemy #4 X,Enemy #4 Z,Enemy #5 ID,[JP enemy #5 name],[US enemy #5 name],Enemy #5 X,Enemy #5 Z,Enemy #6 ID,[JP enemy #6 name],[US enemy #6 name],Enemy #6 X,Enemy #6 Z,Party vigor,Defeat cond. ID,[Defeat cond. name],Escape cond. ID,[Escape cond. name],BGM ID
0,True,1,0,Vyse,4,6,1,Aika,6,6,-1,None,-1,-1,-1,None,-1,-1,165,Ж術処刑士,Spell Warden,3,2,166,Ж術処刑士,Spell Warden,7,2,0,軍艦兵,Soldier,4,3,0,軍艦兵,Soldier,6,3,0,軍艦兵,Soldier,5,4,255,None,None,-1,-1,255,None,None,-1,-1,14,1,May try again,1,Cannot escape,60
1,True,1,0,Vyse,4,8,1,Aika,6,8,-1,None,-1,-1,-1,None,-1,-1,167,護送将兵,Royal Guard,5,2,1,航行士,Guard,3,3,1,航行士,Guard,7,3,1,航行士,Guard,4,4,1,航行士,Guard,6,4,1,航行士,Guard,5,5,255,None,None,-1,-1,14,1,May try again,1,Cannot escape,60
2,True,2,0,Vyse,6,6,1,Aika,4,8,-1,None,-1,-1,-1,None,-1,-1,128,アントニオ,Antonio,2,2,169,アルシノ,Kantor,6,0,255,None,None,-1,-1,255,None,None,-1,-1,255,None,None,-1,-1,255,None,None,-1,-1,255,None,None,-1,-1,18,1,May try again,1,Cannot escape,60
3,True,2,0,Vyse,4,8,1,Aika,6,8,-1,None,-1,-1,-1,None,-1,-1,129,アガタウマス,Sentinel,4,2,2,ミクラステル,Seeker,2,4,2,ミクラステル,Seeker,8,4,255,None,None,-1,-1,255,None,None,-1,-1,255,None,None,-1,-1,255,None,None,-1,-1,23,1,May try again,1,Cannot escape,60
4,True,2,0,Vyse,5,8,1,Aika,3,9,3,Drachma,7,9,-1,None,-1,-1,130,イマゴタリア,Bleigock,4,0,34,マブルール,Dralnog,2,4,34,マブルール,Dralnog,8,4,34,マブルール,Dralnog,4,5,34,マブルール,Dralnog,6,5,255,None,None,-1,-1,255,None,None,-1,-1,33,1,May try again,1,Cannot escape,60
5,True,3,0,Vyse,5,8,1,Aika,3,9,3,Drachma,7,9,-1,None,-1,-1,131,獄長,Executioner,4,1,7,Ж術処刑士,Spell Warden,2,2,7,Ж術処刑士,Spell Warden,8,2,255,None,None,-1,-1,255,None,None,-1,-1,255,None,None,-1,-1,255,None,None,-1,-1,35,1,May try again,1,Cannot escape,60
6,True,0,0,Vyse,5,8,1,Aika,6,8,-1,None,-1,-1,-1,None,-1,-1,132,ガルシアン,Galcian,5,3,255,None,None,-1,-1,255,None,None,-1,-1,255,None,None,-1,-1,255,None,None,-1,-1,255,None,None,-1,-1,255,None,None,-1,-1,37,0,Must not lose,1,Cannot escape,61
7,True,1,0,Vyse,5,8,1,Aika,6,8,-1,None,-1,-1,-1,None,-1,-1,72,警備士,Patrol Guard,5,3,72,警備士,Patrol Guard,6,3,255,None,None,-1,-1,255,None,None,-1,-1,255,None,None,-1,-1,255,None,None,-1,-1,255,None,None,-1,-1,37,0,Must not lose,0,Can escape,58
8,True,2,0,Vyse,5,8,1,Aika,6,8,-1,None,-1,-1,-1,None,-1,-1,72,警備士,Patrol Guard,5,3,7,Ж術処刑士,Spell Warden,6,3,255,None,None,-1,-1,255,None,None,-1,-1,255,None,None,-1,-1,255,None,None,-1,-1,255,None,None,-1,-1,37,0,Must not lose,0,Can escape,58
9,True,3,0,Vyse,4,8,1,Aika,5,9,-1,None,-1,-1,-1,None,-1,-1,133,護送将兵,Royal Guard,5,5,133,護送将兵,Royal Guard,4,4,7,Ж術処刑士,Spell Warden,5,4,7,Ж術処刑士,Spell Warden,4,3,255,None,None,-1,-1,255,None,None,-1,-1,255,None,None,-1,-1,39,1,May try again,1,Cannot escape,60
10,False,4,0,Vyse,5,8,1,Aika,3,9,2,Fina,7,9,-1,None,-1,-1,134,ラァス,Rockwyrm,4,3,24,デシェレト,Magma Tiki,2,6,24,デシェレト,Magma Tiki,5,6,24,デシェレト,Magma Tiki,8,6,255,None,None,-1,-1,255,None,None,-1,-1,255,None,None,-1,-1,41,1,May try again,1,Cannot escape,60
11,True,2,0,Vyse,4,8,1,Aika,6,8,2,Fina,2,9,3,Drachma,8,9,17,ツィツィ,Tsirat,2,4,17,ツィツィ,Tsirat,8,4,17,ツィツィ,Tsirat,3,3,17,ツィツィ,Tsirat,5,3,17,ツィツィ,Tsirat,7,3,17,ツィツィ,Tsirat,4,2,17,ツィツィ,Tsirat,6,2,39,0,Must not lose,0,Can escape,58
12,False,2,0,Vyse,4,8,1,Aika,6,8,2,Fina,2,9,3,Drachma,8,9,73,採掘士,Mine Patrol,4,2,73,採掘士,Mine Patrol,6,2,73,採掘士,Mine Patrol,2,1,73,採掘士,Mine Patrol,8,1,255,None,None,-1,-1,255,None,None,-1,-1,255,None,None,-1,-1,82,0,Must not lose,1,Cannot escape,58
13,False,4,0,Vyse,4,8,1,Aika,6,8,2,Fina,2,9,3,Drachma,8,9,136,アントニオＪｒ,Antonio 2,4,2,255,None,None,-1,-1,255,None,None,-1,-1,255,None,None,-1,-1,255,None,None,-1,-1,255,None,None,-1,-1,255,None,None,-1,-1,84,1,May try again,1,Cannot escape,60
14,False,4,0,Vyse,4,8,1,Aika,6,8,2,Fina,2,9,3,Drachma,8,9,137,ディアトリマ,Rik'talish,4,2,255,None,None,-1,-1,255,None,None,-1,-1,255,None,None,-1,-1,255,None,None,-1,-1,255,None,None,-1,-1,255,None,None,-1,-1,92,1,May try again,1,Cannot escape,60
15,False,2,0,Vyse,4,8,1,Aika,6,8,2,Fina,2,9,3,Drachma,8,9,155,ドブラ,Gordo,5,1,156,ウォン三兄弟,Mad Chef,5,3,156,ウォン三兄弟,Mad Chef,3,1,156,ウォン三兄弟,Mad Chef,7,1,255,None,None,-1,-1,255,None,None,-1,-1,255,None,None,-1,-1,94,1,May try again,1,Cannot escape,60
16,False,2,0,Vyse,4,6,1,Aika,6,6,2,Fina,3,7,3,Drachma,7,7,32,調査兵,Enforcer,4,3,32,調査兵,Enforcer,6,3,32,調査兵,Enforcer,3,4,32,調査兵,Enforcer,7,4,255,None,None,-1,-1,255,None,None,-1,-1,255,None,None,-1,-1,98,1,May try again,1,Cannot escape,58
17,False,4,0,Vyse,6,4,1,Aika,4,4,2,Fina,4,6,5,Gilder,6,6,138,シニストラ,Sinistra,1,1,139,デクストラ,Destra,7,7,255,None,None,-1,-1,255,None,None,-1,-1,255,None,None,-1,-1,255,None,None,-1,-1,255,None,None,-1,-1,104,1,May try again,1,Cannot escape,60
18,False,0,0,Vyse,4,8,1,Aika,6,8,2,Fina,2,9,5,Gilder,8,9,140,ラミレス,Ramirez,5,2,255,None,None,-1,-1,255,None,None,-1,-1,255,None,None,-1,-1,255,None,None,-1,-1,255,None,None,-1,-1,255,None,None,-1,-1,106,2,May lose,1,Cannot escape,61
19,False,4,0,Vyse,4,8,1,Aika,5,5,5,Gilder,6,8,-1,None,-1,-1,141,ビゴロ,Vigoro,5,3,255,None,None,-1,-1,255,None,None,-1,-1,255,None,None,-1,-1,255,None,None,-1,-1,255,None,None,-1,-1,255,None,None,-1,-1,108,1,May try again,1,Cannot escape,61
20,False,4,0,Vyse,4,8,1,Aika,6,8,2,Fina,2,9,5,Gilder,8,9,142,ブラキロフス,Dralkor Tank,4,1,255,None,None,-1,-1,255,None,None,-1,-1,255,None,None,-1,-1,255,None,None,-1,-1,255,None,None,-1,-1,255,None,None,-1,-1,112,1,May try again,1,Cannot escape,60
21,False,3,0,Vyse,4,8,1,Aika,6,8,2,Fina,2,9,4,Enrique,8,9,145,ジャオ,Jao,4,3,146,マオ,Mao,6,3,255,None,None,-1,-1,255,None,None,-1,-1,255,None,None,-1,-1,255,None,None,-1,-1,255,None,None,-1,-1,128,1,May try again,1,Cannot escape,60
22,False,6,0,Vyse,4,7,1,Aika,6,7,2,Fina,2,8,4,Enrique,8,8,144,ディーゴ,Tortigar,4,3,255,None,None,-1,-1,255,None,None,-1,-1,255,None,None,-1,-1,255,None,None,-1,-1,255,None,None,-1,-1,255,None,None,-1,-1,132,1,May try again,1,Cannot escape,60
23,False,6,0,Vyse,4,8,1,Aika,6,8,2,Fina,2,9,4,Enrique,8,9,147,ムラジ,Muraji,5,1,60,モノノフ,Soldier,5,3,60,モノノフ,Soldier,4,3,60,モノノフ,Soldier,6,3,255,None,None,-1,-1,255,None,None,-1,-1,255,None,None,-1,-1,134,1,May try again,1,Cannot escape,60
24,False,6,0,Vyse,4,8,1,Aika,6,8,2,Fina,2,9,4,Enrique,8,9,148,ニルヴィナス,Veltarn,4,2,255,None,None,-1,-1,255,None,None,-1,-1,255,None,None,-1,-1,255,None,None,-1,-1,255,None,None,-1,-1,255,None,None,-1,-1,144,1,May try again,1,Cannot escape,60
25,False,0,0,Vyse,4,8,1,Aika,6,8,2,Fina,2,9,4,Enrique,8,9,150,ホルシ−ド,Dracoslyth,4,2,255,None,None,-1,-1,255,None,None,-1,-1,255,None,None,-1,-1,255,None,None,-1,-1,255,None,None,-1,-1,255,None,None,-1,-1,0,0,Must not lose,0,Can escape,60
26,False,0,0,Vyse,5,7,1,Aika,3,7,2,Fina,7,7,-1,None,-1,-1,152,ラミレス,Ramirez,5,3,100,アサシン,Shadow,3,3,100,アサシン,Shadow,7,3,255,None,None,-1,-1,255,None,None,-1,-1,255,None,None,-1,-1,255,None,None,-1,-1,158,2,May lose,1,Cannot escape,61
27,False,8,0,Vyse,4,7,1,Aika,5,7,2,Fina,3,8,5,Gilder,6,8,149,ビゴロ,Vigoro,5,4,255,None,None,-1,-1,255,None,None,-1,-1,255,None,None,-1,-1,255,None,None,-1,-1,255,None,None,-1,-1,255,None,None,-1,-1,160,1,May try again,1,Cannot escape,61
28,False,8,0,Vyse,4,7,1,Aika,6,7,2,Fina,7,9,5,Gilder,6,8,154,ラプラタヌス,Eliminator,4,3,255,None,None,-1,-1,255,None,None,-1,-1,255,None,None,-1,-1,255,None,None,-1,-1,255,None,None,-1,-1,255,None,None,-1,-1,160,1,May try again,1,Cannot escape,60
29,False,8,0,Vyse,4,8,1,Aika,6,8,2,Fina,2,9,3,Drachma,8,9,151,ガルシアン,Galcian,5,2,255,None,None,-1,-1,255,None,None,-1,-1,255,None,None,-1,-1,255,None,None,-1,-1,255,None,None,-1,-1,255,None,None,-1,-1,0,0,Must not lose,0,Can escape,61
30,False,10,0,Vyse,4,8,1,Aika,6,8,2,Fina,3,7,3,Drachma,7,7,153,ラミレス,Ramirez,5,2,255,None,None,-1,-1,255,None,None,-1,-1,255,None,None,-1,-1,255,None,None,-1,-1,255,None,None,-1,-1,255,None,None,-1,-1,168,1,May try again,1,Cannot escape,61
31,False,0,0,Vyse,4,8,1,Aika,6,8,2,Fina,2,9,3,Drachma,8,9,157,ラミレス,Ramirez,4,2,255,None,None,-1,-1,255,None,None,-1,-1,255,None,None,-1,-1,255,None,None,-1,-1,255,None,None,-1,-1,255,None,None,-1,-1,170,1,May try again,1,Cannot escape,62
32,False,2,0,Vyse,5,6,1,Aika,6,7,2,Fina,4,7,-1,None,-1,-1,14,盗掘者シモン,Zivilyn Bane,5,3,255,None,None,-1,-1,255,None,None,-1,-1,255,None,None,-1,-1,255,None,None,-1,-1,255,None,None,-1,-1,255,None,None,-1,-1,66,1,May try again,1,Cannot escape,58
33,False,2,0,Vyse,5,6,1,Aika,4,7,2,Fina,6,7,-1,None,-1,-1,24,デシェレト,Magma Tiki,3,4,24,デシェレト,Magma Tiki,5,3,24,デシェレト,Magma Tiki,7,4,255,None,None,-1,-1,255,None,None,-1,-1,255,None,None,-1,-1,255,None,None,-1,-1,66,1,May try again,0,Can escape,58
34,False,4,0,Vyse,5,7,1,Aika,3,7,2,Fina,7,7,-1,None,-1,-1,100,アサシン,Shadow,5,3,100,アサシン,Shadow,3,3,100,アサシン,Shadow,7,3,255,None,None,-1,-1,255,None,None,-1,-1,255,None,None,-1,-1,255,None,None,-1,-1,158,1,May try again,1,Cannot escape,58
35,False,3,0,Vyse,4,8,1,Aika,6,8,2,Fina,2,9,4,Enrique,8,9,59,ナマトヌカ,Alusphere,1,2,59,ナマトヌカ,Alusphere,7,2,255,None,None,-1,-1,255,None,None,-1,-1,255,None,None,-1,-1,255,None,None,-1,-1,255,None,None,-1,-1,130,0,Must not lose,1,Cannot escape,58
36,False,3,0,Vyse,4,8,1,Aika,6,8,2,Fina,3,9,4,Enrique,7,9,59,ナマトヌカ,Alusphere,2,2,59,ナマトヌカ,Alusphere,6,2,255,None,None,-1,-1,255,None,None,-1,-1,255,None,None,-1,-1,255,None,None,-1,-1,255,None,None,-1,-1,130,0,Must not lose,1,Cannot escape,58
37,True,1,0,Vyse,4,7,1,Aika,6,7,-1,None,-1,-1,-1,None,-1,-1,4,アーアペプ,Grouder,4,1,3,マロッカ,Marocca,2,5,3,マロッカ,Marocca,3,4,3,マロッカ,Marocca,7,4,3,マロッカ,Marocca,8,5,255,None,None,-1,-1,255,None,None,-1,-1,24,1,May try again,1,Cannot escape,58
38,False,3,0,Vyse,4,8,1,Aika,6,8,2,Fina,2,9,4,Enrique,8,9,60,モノノフ,Soldier,4,3,60,モノノフ,Soldier,6,3,60,モノノフ,Soldier,3,2,60,モノノフ,Soldier,7,2,255,None,None,-1,-1,255,None,None,-1,-1,255,None,None,-1,-1,134,0,Must not lose,0,Can escape,59
39,False,2,0,Vyse,4,7,1,Aika,6,7,2,Fina,2,8,3,Drachma,8,8,111,盗掘者シモン,Zivilyn Bane,5,3,255,None,None,-1,-1,255,None,None,-1,-1,255,None,None,-1,-1,255,None,None,-1,-1,255,None,None,-1,-1,255,None,None,-1,-1,90,1,May try again,1,Cannot escape,58
40,False,2,0,Vyse,4,8,5,Gilder,6,8,-1,None,-1,-1,-1,None,-1,-1,112,盗掘者シモン,Zivilyn Bane,5,2,255,None,None,-1,-1,255,None,None,-1,-1,255,None,None,-1,-1,255,None,None,-1,-1,255,None,None,-1,-1,255,None,None,-1,-1,102,1,May try again,1,Cannot escape,58
41,False,2,0,Vyse,3,8,1,Aika,5,8,2,Fina,2,9,5,Gilder,6,9,113,盗掘者シモン,Zivilyn Bane,4,2,255,None,None,-1,-1,255,None,None,-1,-1,255,None,None,-1,-1,255,None,None,-1,-1,255,None,None,-1,-1,255,None,None,-1,-1,110,1,May try again,1,Cannot escape,58
42,False,3,0,Vyse,4,8,1,Aika,6,8,2,Fina,2,9,4,Enrique,8,9,114,盗掘者シモン,Zivilyn Bane,5,2,255,None,None,-1,-1,255,None,None,-1,-1,255,None,None,-1,-1,255,None,None,-1,-1,255,None,None,-1,-1,255,None,None,-1,-1,122,1,May try again,1,Cannot escape,59
43,False,3,0,Vyse,3,8,1,Aika,5,8,2,Fina,2,9,4,Enrique,6,9,115,盗掘者シモン,Zivilyn Bane,4,2,255,None,None,-1,-1,255,None,None,-1,-1,255,None,None,-1,-1,255,None,None,-1,-1,255,None,None,-1,-1,255,None,None,-1,-1,130,1,May try again,1,Cannot escape,58
44,False,3,0,Vyse,4,8,1,Aika,6,8,2,Fina,2,9,4,Enrique,8,9,116,盗掘者シモン,Zivilyn Bane,5,2,255,None,None,-1,-1,255,None,None,-1,-1,255,None,None,-1,-1,255,None,None,-1,-1,255,None,None,-1,-1,255,None,None,-1,-1,142,1,May try again,1,Cannot escape,58
45,False,5,0,Vyse,4,6,1,Aika,6,6,2,Fina,3,7,3,Drachma,7,7,117,盗掘王シモン,Zivilyn Bane,5,2,255,None,None,-1,-1,255,None,None,-1,-1,255,None,None,-1,-1,255,None,None,-1,-1,255,None,None,-1,-1,255,None,None,-1,-1,166,1,May try again,1,Cannot escape,58
46,False,5,0,Vyse,4,6,1,Aika,6,6,2,Fina,3,7,4,Enrique,7,7,117,盗掘王シモン,Zivilyn Bane,5,2,255,None,None,-1,-1,255,None,None,-1,-1,255,None,None,-1,-1,255,None,None,-1,-1,255,None,None,-1,-1,255,None,None,-1,-1,166,1,May try again,1,Cannot escape,58
47,False,5,0,Vyse,4,6,1,Aika,6,6,2,Fina,3,7,5,Gilder,7,7,117,盗掘王シモン,Zivilyn Bane,5,2,255,None,None,-1,-1,255,None,None,-1,-1,255,None,None,-1,-1,255,None,None,-1,-1,255,None,None,-1,-1,255,None,None,-1,-1,166,1,May try again,1,Cannot escape,58
48,False,8,0,Vyse,4,8,1,Aika,6,8,2,Fina,2,9,4,Enrique,8,9,151,ガルシアン,Galcian,5,2,255,None,None,-1,-1,255,None,None,-1,-1,255,None,None,-1,-1,255,None,None,-1,-1,255,None,None,-1,-1,255,None,None,-1,-1,0,0,Must not lose,0,Can escape,61
49,False,10,0,Vyse,4,8,1,Aika,6,8,2,Fina,3,7,4,Enrique,7,7,153,ラミレス,Ramirez,5,2,255,None,None,-1,-1,255,None,None,-1,-1,255,None,None,-1,-1,255,None,None,-1,-1,255,None,None,-1,-1,255,None,None,-1,-1,168,1,May try again,1,Cannot escape,61
50,False,0,0,Vyse,4,8,1,Aika,6,8,2,Fina,2,9,4,Enrique,8,9,157,ラミレス,Ramirez,4,2,255,None,None,-1,-1,255,None,None,-1,-1,255,None,None,-1,-1,255,None,None,-1,-1,255,None,None,-1,-1,255,None,None,-1,-1,170,1,May try again,1,Cannot escape,62
51,False,8,0,Vyse,4,8,1,Aika,6,8,2,Fina,2,9,5,Gilder,8,9,151,ガルシアン,Galcian,5,2,255,None,None,-1,-1,255,None,None,-1,-1,255,None,None,-1,-1,255,None,None,-1,-1,255,None,None,-1,-1,255,None,None,-1,-1,164,1,May try again,1,Cannot escape,61
52,False,10,0,Vyse,4,8,1,Aika,6,8,2,Fina,3,7,5,Gilder,7,7,153,ラミレス,Ramirez,5,2,255,None,None,-1,-1,255,None,None,-1,-1,255,None,None,-1,-1,255,None,None,-1,-1,255,None,None,-1,-1,255,None,None,-1,-1,168,1,May try again,1,Cannot escape,61
53,False,0,0,Vyse,4,8,1,Aika,6,8,2,Fina,2,9,5,Gilder,8,9,157,ラミレス,Ramirez,4,2,255,None,None,-1,-1,255,None,None,-1,-1,255,None,None,-1,-1,255,None,None,-1,-1,255,None,None,-1,-1,255,None,None,-1,-1,170,1,May try again,1,Cannot escape,62
54,False,2,0,Vyse,4,7,5,Gilder,6,7,-1,None,-1,-1,-1,None,-1,-1,102,要塞将兵,Officer,4,2,102,要塞将兵,Officer,6,2,255,None,None,-1,-1,255,None,None,-1,-1,255,None,None,-1,-1,255,None,None,-1,-1,255,None,None,-1,-1,106,0,Must not lose,1,Cannot escape,58
55,False,2,0,Vyse,4,8,1,Aika,6,9,5,Gilder,3,9,-1,None,-1,-1,102,要塞将兵,Officer,3,1,102,要塞将兵,Officer,6,1,255,None,None,-1,-1,255,None,None,-1,-1,255,None,None,-1,-1,255,None,None,-1,-1,255,None,None,-1,-1,106,0,Must not lose,1,Cannot escape,58
56,False,3,0,Vyse,4,7,1,Aika,6,7,2,Fina,3,6,4,Enrique,7,6,71,テンコウ,Tenkou,4,3,71,テンコウ,Tenkou,6,3,71,テンコウ,Tenkou,3,4,71,テンコウ,Tenkou,7,4,255,None,None,-1,-1,255,None,None,-1,-1,255,None,None,-1,-1,134,0,Must not lose,0,Can escape,58
57,False,3,0,Vyse,4,7,1,Aika,6,7,2,Fina,3,6,4,Enrique,7,6,71,テンコウ,Tenkou,4,3,71,テンコウ,Tenkou,6,3,71,テンコウ,Tenkou,3,4,71,テンコウ,Tenkou,7,4,255,None,None,-1,-1,255,None,None,-1,-1,255,None,None,-1,-1,134,0,Must not lose,0,Can escape,58
58,False,3,0,Vyse,4,7,1,Aika,6,7,2,Fina,3,6,4,Enrique,7,6,71,テンコウ,Tenkou,4,3,71,テンコウ,Tenkou,6,3,71,テンコウ,Tenkou,3,4,71,テンコウ,Tenkou,7,4,255,None,None,-1,-1,255,None,None,-1,-1,255,None,None,-1,-1,134,0,Must not lose,0,Can escape,58
59,False,2,0,Vyse,3,8,1,Aika,5,8,2,Fina,2,9,5,Gilder,6,9,75,デ式レーダー,Destroyer,4,2,255,None,None,-1,-1,255,None,None,-1,-1,255,None,None,-1,-1,255,None,None,-1,-1,255,None,None,-1,-1,255,None,None,-1,-1,108,0,Must not lose,0,Can escape,-1
60,False,2,0,Vyse,3,8,1,Aika,5,8,2,Fina,2,9,5,Gilder,6,9,75,デ式レーダー,Destroyer,3,2,75,デ式レーダー,Destroyer,5,2,255,None,None,-1,-1,255,None,None,-1,-1,255,None,None,-1,-1,255,None,None,-1,-1,255,None,None,-1,-1,108,0,Must not lose,0,Can escape,-1
61,False,2,0,Vyse,3,8,1,Aika,5,8,2,Fina,2,9,5,Gilder,6,9,75,デ式レーダー,Destroyer,4,2,75,デ式レーダー,Destroyer,3,3,75,デ式レーダー,Destroyer,5,3,255,None,None,-1,-1,255,None,None,-1,-1,255,None,None,-1,-1,255,None,None,-1,-1,108,0,Must not lose,0,Can escape,-1
62,False,2,0,Vyse,3,8,1,Aika,5,8,2,Fina,2,9,5,Gilder,6,9,75,デ式レーダー,Destroyer,3,2,75,デ式レーダー,Destroyer,5,2,75,デ式レーダー,Destroyer,2,3,75,デ式レーダー,Destroyer,6,3,255,None,None,-1,-1,255,None,None,-1,-1,255,None,None,-1,-1,108,0,Must not lose,0,Can escape,-1
63,False,2,0,Vyse,5,6,1,Aika,4,7,2,Fina,6,7,-1,None,-1,-1,24,デシェレト,Magma Tiki,3,2,24,デシェレト,Magma Tiki,7,2,24,デシェレト,Magma Tiki,5,3,255,None,None,-1,-1,255,None,None,-1,-1,255,None,None,-1,-1,255,None,None,-1,-1,66,1,May try again,0,Can escape,-1
64,False,2,0,Vyse,5,7,1,Aika,4,8,2,Fina,6,8,-1,None,-1,-1,24,デシェレト,Magma Tiki,5,2,24,デシェレト,Magma Tiki,3,3,24,デシェレト,Magma Tiki,7,3,255,None,None,-1,-1,255,None,None,-1,-1,255,None,None,-1,-1,255,None,None,-1,-1,66,1,May try again,0,Can escape,-1
65,False,3,0,Vyse,5,7,1,Aika,6,7,2,Fina,4,8,4,Enrique,7,8,105,ベレーザ兵,Red Guard,4,3,105,ベレーザ兵,Red Guard,7,3,105,ベレーザ兵,Red Guard,3,2,105,ベレーザ兵,Red Guard,8,2,255,None,None,-1,-1,255,None,None,-1,-1,255,None,None,-1,-1,134,0,Must not lose,0,Can escape,-1
66,False,4,0,Vyse,4,8,1,Aika,6,8,2,Fina,2,9,3,Drachma,8,9,108,ヒュドラ巨兵,Hydra Elite,4,1,108,ヒュドラ巨兵,Hydra Elite,2,4,108,ヒュドラ巨兵,Hydra Elite,6,4,255,None,None,-1,-1,255,None,None,-1,-1,255,None,None,-1,-1,255,None,None,-1,-1,162,1,May try again,1,Cannot escape,-1
67,False,3,0,Vyse,4,6,1,Aika,5,6,2,Fina,3,6,4,Enrique,6,6,106,工作兵,Elite Guard,3,3,106,工作兵,Elite Guard,4,3,106,工作兵,Elite Guard,5,3,106,工作兵,Elite Guard,6,3,255,None,None,-1,-1,255,None,None,-1,-1,255,None,None,-1,-1,150,0,Must not lose,0,Can escape,-1
68,False,3,0,Vyse,4,6,1,Aika,5,6,2,Fina,3,6,4,Enrique,6,6,106,工作兵,Elite Guard,3,3,106,工作兵,Elite Guard,4,3,106,工作兵,Elite Guard,5,3,106,工作兵,Elite Guard,6,3,255,None,None,-1,-1,255,None,None,-1,-1,255,None,None,-1,-1,150,0,Must not lose,0,Can escape,-1
69,False,20,0,Vyse,4,8,1,Aika,6,8,2,Fina,2,9,3,Drachma,8,9,121,エルシアン,Elcian,5,2,255,None,None,-1,-1,255,None,None,-1,-1,255,None,None,-1,-1,255,None,None,-1,-1,255,None,None,-1,-1,255,None,None,-1,-1,210,1,May try again,0,Can escape,-1
70,False,20,0,Vyse,4,8,1,Aika,6,8,2,Fina,2,9,4,Enrique,8,9,121,エルシアン,Elcian,5,2,255,None,None,-1,-1,255,None,None,-1,-1,255,None,None,-1,-1,255,None,None,-1,-1,255,None,None,-1,-1,255,None,None,-1,-1,210,1,May try again,0,Can escape,-1
71,False,20,0,Vyse,4,8,1,Aika,6,8,2,Fina,2,9,5,Gilder,8,9,121,エルシアン,Elcian,5,2,255,None,None,-1,-1,255,None,None,-1,-1,255,None,None,-1,-1,255,None,None,-1,-1,255,None,None,-1,-1,255,None,None,-1,-1,210,1,May try again,0,Can escape,-1
72,False,6,0,Vyse,4,8,1,Aika,6,8,2,Fina,3,7,3,Drachma,7,7,198,ルピー,Rupee,5,2,208,バーツ,Barta,5,4,255,None,None,-1,-1,255,None,None,-1,-1,255,None,None,-1,-1,255,None,None,-1,-1,255,None,None,-1,-1,42,1,May try again,1,Cannot escape,-1
73,False,6,0,Vyse,4,8,1,Aika,6,8,2,Fina,3,7,3,Drachma,7,7,199,ルピー,Rupee,5,2,209,バーツ,Barta,5,4,255,None,None,-1,-1,255,None,None,-1,-1,255,None,None,-1,-1,255,None,None,-1,-1,255,None,None,-1,-1,58,1,May try again,1,Cannot escape,-1
74,False,6,0,Vyse,4,8,1,Aika,6,8,2,Fina,3,7,3,Drachma,7,7,200,ルピー,Rupee,5,2,210,バーツ,Barta,5,4,255,None,None,-1,-1,255,None,None,-1,-1,255,None,None,-1,-1,255,None,None,-1,-1,255,None,None,-1,-1,82,1,May try again,1,Cannot escape,-1
75,False,6,0,Vyse,4,8,1,Aika,6,8,2,Fina,3,7,3,Drachma,7,7,201,ルピー,Rupee,5,2,211,バーツ,Barta,5,4,255,None,None,-1,-1,255,None,None,-1,-1,255,None,None,-1,-1,255,None,None,-1,-1,255,None,None,-1,-1,102,1,May try again,1,Cannot escape,-1
76,False,6,0,Vyse,4,8,1,Aika,6,8,2,Fina,3,7,3,Drachma,7,7,202,ルピー,Rupee,5,2,212,バーツ,Barta,5,4,255,None,None,-1,-1,255,None,None,-1,-1,255,None,None,-1,-1,255,None,None,-1,-1,255,None,None,-1,-1,122,1,May try again,1,Cannot escape,-1
77,False,6,0,Vyse,4,8,1,Aika,6,8,2,Fina,3,7,3,Drachma,7,7,198,ルピー,Rupee,5,2,208,バーツ,Barta,5,4,255,None,None,-1,-1,255,None,None,-1,-1,255,None,None,-1,-1,255,None,None,-1,-1,255,None,None,-1,-1,42,1,May try again,1,Cannot escape,-1
78,False,6,0,Vyse,4,8,1,Aika,6,8,2,Fina,3,7,3,Drachma,7,7,199,ルピー,Rupee,5,2,209,バーツ,Barta,5,4,255,None,None,-1,-1,255,None,None,-1,-1,255,None,None,-1,-1,255,None,None,-1,-1,255,None,None,-1,-1,58,1,May try again,1,Cannot escape,-1
79,False,6,0,Vyse,4,8,1,Aika,6,8,2,Fina,3,7,3,Drachma,7,7,200,ルピー,Rupee,5,2,210,バーツ,Barta,5,4,255,None,None,-1,-1,255,None,None,-1,-1,255,None,None,-1,-1,255,None,None,-1,-1,255,None,None,-1,-1,82,1,May try again,1,Cannot escape,-1
80,False,6,0,Vyse,4,8,1,Aika,6,8,2,Fina,3,7,3,Drachma,7,7,201,ルピー,Rupee,5,2,211,バーツ,Barta,5,4,255,None,None,-1,-1,255,None,None,-1,-1,255,None,None,-1,-1,255,None,None,-1,-1,255,None,None,-1,-1,102,1,May try again,1,Cannot escape,-1
81,False,6,0,Vyse,4,8,1,Aika,6,8,2,Fina,3,7,3,Drachma,7,7,202,ルピー,Rupee,5,2,212,バーツ,Barta,5,4,255,None,None,-1,-1,255,None,None,-1,-1,255,None,None,-1,-1,255,None,None,-1,-1,255,None,None,-1,-1,122,1,May try again,1,Cannot escape,-1
82,False,6,0,Vyse,4,8,1,Aika,6,8,2,Fina,3,7,4,Enrique,7,7,198,ルピー,Rupee,5,2,208,バーツ,Barta,5,4,255,None,None,-1,-1,255,None,None,-1,-1,255,None,None,-1,-1,255,None,None,-1,-1,255,None,None,-1,-1,42,1,May try again,1,Cannot escape,-1
83,False,6,0,Vyse,4,8,1,Aika,6,8,2,Fina,3,7,4,Enrique,7,7,199,ルピー,Rupee,5,2,209,バーツ,Barta,5,4,255,None,None,-1,-1,255,None,None,-1,-1,255,None,None,-1,-1,255,None,None,-1,-1,255,None,None,-1,-1,58,1,May try again,1,Cannot escape,-1
84,False,6,0,Vyse,4,8,1,Aika,6,8,2,Fina,3,7,4,Enrique,7,7,200,ルピー,Rupee,5,2,210,バーツ,Barta,5,4,255,None,None,-1,-1,255,None,None,-1,-1,255,None,None,-1,-1,255,None,None,-1,-1,255,None,None,-1,-1,82,1,May try again,1,Cannot escape,-1
85,False,6,0,Vyse,4,8,1,Aika,6,8,2,Fina,3,7,4,Enrique,7,7,201,ルピー,Rupee,5,2,211,バーツ,Barta,5,4,255,None,None,-1,-1,255,None,None,-1,-1,255,None,None,-1,-1,255,None,None,-1,-1,255,None,None,-1,-1,102,1,May try again,1,Cannot escape,-1
86,False,6,0,Vyse,4,8,1,Aika,6,8,2,Fina,3,7,4,Enrique,7,7,202,ルピー,Rupee,5,2,212,バーツ,Barta,5,4,255,None,None,-1,-1,255,None,None,-1,-1,255,None,None,-1,-1,255,None,None,-1,-1,255,None,None,-1,-1,122,1,May try again,1,Cannot escape,-1
87,False,6,0,Vyse,4,8,1,Aika,6,8,2,Fina,3,7,5,Gilder,7,7,198,ルピー,Rupee,5,2,208,バーツ,Barta,5,4,255,None,None,-1,-1,255,None,None,-1,-1,255,None,None,-1,-1,255,None,None,-1,-1,255,None,None,-1,-1,42,1,May try again,1,Cannot escape,-1
88,False,6,0,Vyse,4,8,1,Aika,6,8,2,Fina,3,7,5,Gilder,7,7,199,ルピー,Rupee,5,2,209,バーツ,Barta,5,4,255,None,None,-1,-1,255,None,None,-1,-1,255,None,None,-1,-1,255,None,None,-1,-1,255,None,None,-1,-1,58,1,May try again,1,Cannot escape,-1
89,False,6,0,Vyse,4,8,1,Aika,6,8,2,Fina,3,7,5,Gilder,7,7,200,ルピー,Rupee,5,2,210,バーツ,Barta,5,4,255,None,None,-1,-1,255,None,None,-1,-1,255,None,None,-1,-1,255,None,None,-1,-1,255,None,None,-1,-1,82,1,May try again,1,Cannot escape,-1
90,False,6,0,Vyse,4,8,1,Aika,6,8,2,Fina,3,7,5,Gilder,7,7,201,ルピー,Rupee,5,2,211,バーツ,Barta,5,4,255,None,None,-1,-1,255,None,None,-1,-1,255,None,None,-1,-1,255,None,None,-1,-1,255,None,None,-1,-1,102,1,May try again,1,Cannot escape,-1
91,False,6,0,Vyse,4,8,1,Aika,6,8,2,Fina,3,7,5,Gilder,7,7,202,ルピー,Rupee,5,2,212,バーツ,Barta,5,4,255,None,None,-1,-1,255,None,None,-1,-1,255,None,None,-1,-1,255,None,None,-1,-1,255,None,None,-1,-1,122,1,May try again,1,Cannot escape,-1
92,False,6,0,Vyse,4,8,1,Aika,6,8,2,Fina,3,7,3,Drachma,7,7,233,ガンナーム,Gunarm,4,1,254,フロック,Frock,4,5,254,フロック,Frock,6,5,254,フロック,Frock,5,5,255,None,None,-1,-1,255,None,None,-1,-1,255,None,None,-1,-1,118,1,May try again,1,Cannot escape,-1
93,False,6,0,Vyse,4,8,1,Aika,6,8,2,Fina,3,7,3,Drachma,7,7,234,ガンナーム,Gunarm,4,1,254,フロック,Frock,4,5,254,フロック,Frock,6,5,254,フロック,Frock,5,5,255,None,None,-1,-1,255,None,None,-1,-1,255,None,None,-1,-1,162,1,May try again,1,Cannot escape,-1
94,False,6,0,Vyse,4,8,1,Aika,6,8,2,Fina,3,7,3,Drachma,7,7,235,ガンナーム,Gunarm,4,1,254,フロック,Frock,4,5,254,フロック,Frock,6,5,254,フロック,Frock,5,5,255,None,None,-1,-1,255,None,None,-1,-1,255,None,None,-1,-1,182,1,May try again,1,Cannot escape,-1
95,False,6,0,Vyse,4,8,1,Aika,6,8,2,Fina,3,7,3,Drachma,7,7,236,ガンナーム,Gunarm,4,1,254,フロック,Frock,4,5,254,フロック,Frock,6,5,254,フロック,Frock,5,5,255,None,None,-1,-1,255,None,None,-1,-1,255,None,None,-1,-1,202,1,May try again,1,Cannot escape,-1
96,False,6,0,Vyse,4,8,1,Aika,6,8,2,Fina,3,7,3,Drachma,7,7,237,ガンナーム,Gunarm,4,1,254,フロック,Frock,4,5,254,フロック,Frock,6,5,254,フロック,Frock,5,5,255,None,None,-1,-1,255,None,None,-1,-1,255,None,None,-1,-1,222,1,May try again,1,Cannot escape,-1
97,False,6,0,Vyse,4,8,1,Aika,6,8,2,Fina,3,7,4,Enrique,7,7,233,ガンナーム,Gunarm,4,1,254,フロック,Frock,4,5,254,フロック,Frock,6,5,254,フロック,Frock,5,5,255,None,None,-1,-1,255,None,None,-1,-1,255,None,None,-1,-1,118,1,May try again,1,Cannot escape,-1
98,False,6,0,Vyse,4,8,1,Aika,6,8,2,Fina,3,7,4,Enrique,7,7,234,ガンナーム,Gunarm,4,1,254,フロック,Frock,4,5,254,フロック,Frock,6,5,254,フロック,Frock,5,5,255,None,None,-1,-1,255,None,None,-1,-1,255,None,None,-1,-1,162,1,May try again,1,Cannot escape,-1
99,False,6,0,Vyse,4,8,1,Aika,6,8,2,Fina,3,7,4,Enrique,7,7,235,ガンナーム,Gunarm,4,1,254,フロック,Frock,4,5,254,フロック,Frock,6,5,254,フロック,Frock,5,5,255,None,None,-1,-1,255,None,None,-1,-1,255,None,None,-1,-1,182,1,May try again,1,Cannot escape,-1
100,False,6,0,Vyse,4,8,1,Aika,6,8,2,Fina,3,7,4,Enrique,7,7,236,ガンナーム,Gunarm,4,1,254,フロック,Frock,4,5,254,フロック,Frock,6,5,254,フロック,Frock,5,5,255,None,None,-1,-1,255,None,None,-1,-1,255,None,None,-1,-1,202,1,May try again,1,Cannot escape,-1
101,False,6,0,Vyse,4,8,1,Aika,6,8,2,Fina,3,7,4,Enrique,7,7,237,ガンナーム,Gunarm,4,1,254,フロック,Frock,4,5,254,フロック,Frock,6,5,254,フロック,Frock,5,5,255,None,None,-1,-1,255,None,None,-1,-1,255,None,None,-1,-1,222,1,May try again,1,Cannot escape,-1
102,False,6,0,Vyse,4,8,1,Aika,6,8,2,Fina,3,7,5,Gilder,7,7,233,ガンナーム,Gunarm,4,1,254,フロック,Frock,4,5,254,フロック,Frock,6,5,254,フロック,Frock,5,5,255,None,None,-1,-1,255,None,None,-1,-1,255,None,None,-1,-1,118,1,May try again,1,Cannot escape,-1
103,False,6,0,Vyse,4,8,1,Aika,6,8,2,Fina,3,7,5,Gilder,7,7,234,ガンナーム,Gunarm,4,1,254,フロック,Frock,4,5,254,フロック,Frock,6,5,254,フロック,Frock,5,5,255,None,None,-1,-1,255,None,None,-1,-1,255,None,None,-1,-1,162,1,May try again,1,Cannot escape,-1
104,False,6,0,Vyse,4,8,1,Aika,6,8,2,Fina,3,7,5,Gilder,7,7,235,ガンナーム,Gunarm,4,1,254,フロック,Frock,4,5,254,フロック,Frock,6,5,254,フロック,Frock,5,5,255,None,None,-1,-1,255,None,None,-1,-1,255,None,None,-1,-1,182,1,May try again,1,Cannot escape,-1
105,False,6,0,Vyse,4,8,1,Aika,6,8,2,Fina,3,7,5,Gilder,7,7,236,ガンナーム,Gunarm,4,1,254,フロック,Frock,4,5,254,フロック,Frock,6,5,254,フロック,Frock,5,5,255,None,None,-1,-1,255,None,None,-1,-1,255,None,None,-1,-1,202,1,May try again,1,Cannot escape,-1
106,False,6,0,Vyse,4,8,1,Aika,6,8,2,Fina,3,7,5,Gilder,7,7,237,ガンナーム,Gunarm,4,1,254,フロック,Frock,4,5,254,フロック,Frock,6,5,254,フロック,Frock,5,5,255,None,None,-1,-1,255,None,None,-1,-1,255,None,None,-1,-1,222,1,May try again,1,Cannot escape,-1
107,False,8,0,Vyse,4,8,1,Aika,6,8,2,Fina,3,7,3,Drachma,7,7,178,タラ,Tara,5,4,183,リラ,Lira,6,2,188,プラ,Pera,4,2,255,None,None,-1,-1,255,None,None,-1,-1,255,None,None,-1,-1,255,None,None,-1,-1,118,1,May try again,1,Cannot escape,-1
108,False,8,0,Vyse,4,8,1,Aika,6,8,2,Fina,3,7,3,Drachma,7,7,179,タラ,Tara,5,4,184,リラ,Lira,6,2,189,プラ,Pera,4,2,255,None,None,-1,-1,255,None,None,-1,-1,255,None,None,-1,-1,255,None,None,-1,-1,162,1,May try again,1,Cannot escape,-1
109,False,8,0,Vyse,4,8,1,Aika,6,8,2,Fina,3,7,3,Drachma,7,7,180,タラ,Tara,5,4,185,リラ,Lira,6,2,190,プラ,Pera,4,2,255,None,None,-1,-1,255,None,None,-1,-1,255,None,None,-1,-1,255,None,None,-1,-1,182,1,May try again,1,Cannot escape,-1
110,False,8,0,Vyse,4,8,1,Aika,6,8,2,Fina,3,7,3,Drachma,7,7,181,タラ,Tara,5,4,186,リラ,Lira,6,2,191,プラ,Pera,4,2,255,None,None,-1,-1,255,None,None,-1,-1,255,None,None,-1,-1,255,None,None,-1,-1,202,1,May try again,1,Cannot escape,-1
111,False,8,0,Vyse,4,8,1,Aika,6,8,2,Fina,3,7,3,Drachma,7,7,182,タラ,Tara,5,4,187,リラ,Lira,6,2,192,プラ,Pera,4,2,255,None,None,-1,-1,255,None,None,-1,-1,255,None,None,-1,-1,255,None,None,-1,-1,222,1,May try again,1,Cannot escape,-1
112,False,8,0,Vyse,4,8,1,Aika,6,8,2,Fina,3,7,4,Enrique,7,7,178,タラ,Tara,5,4,183,リラ,Lira,6,2,188,プラ,Pera,4,2,255,None,None,-1,-1,255,None,None,-1,-1,255,None,None,-1,-1,255,None,None,-1,-1,118,1,May try again,1,Cannot escape,-1
113,False,8,0,Vyse,4,8,1,Aika,6,8,2,Fina,3,7,4,Enrique,7,7,179,タラ,Tara,5,4,184,リラ,Lira,6,2,189,プラ,Pera,4,2,255,None,None,-1,-1,255,None,None,-1,-1,255,None,None,-1,-1,255,None,None,-1,-1,162,1,May try again,1,Cannot escape,-1
114,False,8,0,Vyse,4,8,1,Aika,6,8,2,Fina,3,7,4,Enrique,7,7,180,タラ,Tara,5,4,185,リラ,Lira,6,2,190,プラ,Pera,4,2,255,None,None,-1,-1,255,None,None,-1,-1,255,None,None,-1,-1,255,None,None,-1,-1,182,1,May try again,1,Cannot escape,-1
115,False,8,0,Vyse,4,8,1,Aika,6,8,2,Fina,3,7,4,Enrique,7,7,181,タラ,Tara,5,4,186,リラ,Lira,6,2,191,プラ,Pera,4,2,255,None,None,-1,-1,255,None,None,-1,-1,255,None,None,-1,-1,255,None,None,-1,-1,202,1,May try again,1,Cannot escape,-1
116,False,8,0,Vyse,4,8,1,Aika,6,8,2,Fina,3,7,4,Enrique,7,7,182,タラ,Tara,5,4,187,リラ,Lira,6,2,192,プラ,Pera,4,2,255,None,None,-1,-1,255,None,None,-1,-1,255,None,None,-1,-1,255,None,None,-1,-1,222,1,May try again,1,Cannot escape,-1
117,False,8,0,Vyse,4,8,1,Aika,6,8,2,Fina,3,7,5,Gilder,7,7,178,タラ,Tara,5,4,183,リラ,Lira,6,2,188,プラ,Pera,4,2,255,None,None,-1,-1,255,None,None,-1,-1,255,None,None,-1,-1,255,None,None,-1,-1,118,1,May try again,1,Cannot escape,-1
118,False,8,0,Vyse,4,8,1,Aika,6,8,2,Fina,3,7,5,Gilder,7,7,179,タラ,Tara,5,4,184,リラ,Lira,6,2,189,プラ,Pera,4,2,255,None,None,-1,-1,255,None,None,-1,-1,255,None,None,-1,-1,255,None,None,-1,-1,162,1,May try again,1,Cannot escape,-1
119,False,8,0,Vyse,4,8,1,Aika,6,8,2,Fina,3,7,5,Gilder,7,7,180,タラ,Tara,5,4,185,リラ,Lira,6,2,190,プラ,Pera,4,2,255,None,None,-1,-1,255,None,None,-1,-1,255,None,None,-1,-1,255,None,None,-1,-1,182,1,May try again,1,Cannot escape,-1
120,False,8,0,Vyse,4,8,1,Aika,6,8,2,Fina,3,7,5,Gilder,7,7,181,タラ,Tara,5,4,186,リラ,Lira,6,2,191,プラ,Pera,4,2,255,None,None,-1,-1,255,None,None,-1,-1,255,None,None,-1,-1,255,None,None,-1,-1,202,1,May try again,1,Cannot escape,-1
121,False,8,0,Vyse,4,8,1,Aika,6,8,2,Fina,3,7,5,Gilder,7,7,182,タラ,Tara,5,4,187,リラ,Lira,6,2,192,プラ,Pera,4,2,255,None,None,-1,-1,255,None,None,-1,-1,255,None,None,-1,-1,255,None,None,-1,-1,222,1,May try again,1,Cannot escape,-1
122,False,6,0,Vyse,4,8,1,Aika,6,8,2,Fina,3,7,3,Drachma,7,7,213,バイス,Vize,5,4,218,アニタ,Anita,6,2,223,フィーラ,Faina,4,2,255,None,None,-1,-1,255,None,None,-1,-1,255,None,None,-1,-1,255,None,None,-1,-1,150,1,May try again,1,Cannot escape,-1
123,False,6,0,Vyse,4,8,1,Aika,6,8,2,Fina,3,7,3,Drachma,7,7,214,バイス,Vize,5,4,219,アニタ,Anita,6,2,224,フィーラ,Faina,4,2,255,None,None,-1,-1,255,None,None,-1,-1,255,None,None,-1,-1,255,None,None,-1,-1,162,1,May try again,1,Cannot escape,-1
124,False,6,0,Vyse,4,8,1,Aika,6,8,2,Fina,3,7,3,Drachma,7,7,215,バイス,Vize,5,4,220,アニタ,Anita,6,2,225,フィーラ,Faina,4,2,255,None,None,-1,-1,255,None,None,-1,-1,255,None,None,-1,-1,255,None,None,-1,-1,182,1,May try again,1,Cannot escape,-1
125,False,6,0,Vyse,4,8,1,Aika,6,8,2,Fina,3,7,3,Drachma,7,7,216,バイス,Vize,5,4,221,アニタ,Anita,6,2,226,フィーラ,Faina,4,2,255,None,None,-1,-1,255,None,None,-1,-1,255,None,None,-1,-1,255,None,None,-1,-1,202,1,May try again,1,Cannot escape,-1
126,False,6,0,Vyse,4,8,1,Aika,6,8,2,Fina,3,7,3,Drachma,7,7,217,バイス,Vize,5,4,222,アニタ,Anita,6,2,227,フィーラ,Faina,4,2,255,None,None,-1,-1,255,None,None,-1,-1,255,None,None,-1,-1,255,None,None,-1,-1,222,1,May try again,1,Cannot escape,-1
127,False,6,0,Vyse,4,8,1,Aika,6,8,2,Fina,3,7,4,Enrique,7,7,213,バイス,Vize,5,4,218,アニタ,Anita,6,2,223,フィーラ,Faina,4,2,255,None,None,-1,-1,255,None,None,-1,-1,255,None,None,-1,-1,255,None,None,-1,-1,150,1,May try again,1,Cannot escape,-1
128,False,6,0,Vyse,4,8,1,Aika,6,8,2,Fina,3,7,4,Enrique,7,7,214,バイス,Vize,5,4,219,アニタ,Anita,6,2,224,フィーラ,Faina,4,2,255,None,None,-1,-1,255,None,None,-1,-1,255,None,None,-1,-1,255,None,None,-1,-1,162,1,May try again,1,Cannot escape,-1
129,False,6,0,Vyse,4,8,1,Aika,6,8,2,Fina,3,7,4,Enrique,7,7,215,バイス,Vize,5,4,220,アニタ,Anita,6,2,225,フィーラ,Faina,4,2,255,None,None,-1,-1,255,None,None,-1,-1,255,None,None,-1,-1,255,None,None,-1,-1,182,1,May try again,1,Cannot escape,-1
130,False,6,0,Vyse,4,8,1,Aika,6,8,2,Fina,3,7,4,Enrique,7,7,216,バイス,Vize,5,4,221,アニタ,Anita,6,2,226,フィーラ,Faina,4,2,255,None,None,-1,-1,255,None,None,-1,-1,255,None,None,-1,-1,255,None,None,-1,-1,202,1,May try again,1,Cannot escape,-1
131,False,6,0,Vyse,4,8,1,Aika,6,8,2,Fina,3,7,4,Enrique,7,7,217,バイス,Vize,5,4,222,アニタ,Anita,6,2,227,フィーラ,Faina,4,2,255,None,None,-1,-1,255,None,None,-1,-1,255,None,None,-1,-1,255,None,None,-1,-1,222,1,May try again,1,Cannot escape,-1
132,False,6,0,Vyse,4,8,1,Aika,6,8,2,Fina,3,7,5,Gilder,7,7,213,バイス,Vize,5,4,218,アニタ,Anita,6,2,223,フィーラ,Faina,4,2,255,None,None,-1,-1,255,None,None,-1,-1,255,None,None,-1,-1,255,None,None,-1,-1,150,1,May try again,1,Cannot escape,-1
133,False,6,0,Vyse,4,8,1,Aika,6,8,2,Fina,3,7,5,Gilder,7,7,214,バイス,Vize,5,4,219,アニタ,Anita,6,2,224,フィーラ,Faina,4,2,255,None,None,-1,-1,255,None,None,-1,-1,255,None,None,-1,-1,255,None,None,-1,-1,162,1,May try again,1,Cannot escape,-1
134,False,6,0,Vyse,4,8,1,Aika,6,8,2,Fina,3,7,5,Gilder,7,7,215,バイス,Vize,5,4,220,アニタ,Anita,6,2,225,フィーラ,Faina,4,2,255,None,None,-1,-1,255,None,None,-1,-1,255,None,None,-1,-1,255,None,None,-1,-1,182,1,May try again,1,Cannot escape,-1
135,False,6,0,Vyse,4,8,1,Aika,6,8,2,Fina,3,7,5,Gilder,7,7,216,バイス,Vize,5,4,221,アニタ,Anita,6,2,226,フィーラ,Faina,4,2,255,None,None,-1,-1,255,None,None,-1,-1,255,None,None,-1,-1,255,None,None,-1,-1,202,1,May try again,1,Cannot escape,-1
136,False,6,0,Vyse,4,8,1,Aika,6,8,2,Fina,3,7,5,Gilder,7,7,217,バイス,Vize,5,4,222,アニタ,Anita,6,2,227,フィーラ,Faina,4,2,255,None,None,-1,-1,255,None,None,-1,-1,255,None,None,-1,-1,255,None,None,-1,-1,222,1,May try again,1,Cannot escape,-1
137,False,8,0,Vyse,4,8,1,Aika,6,8,2,Fina,3,7,3,Drachma,7,7,193,ダイコクヤ,Daikokuya,4,1,248,ヨウジン,Youjin,3,4,250,ボゥ,Boo,7,4,255,None,None,-1,-1,255,None,None,-1,-1,255,None,None,-1,-1,255,None,None,-1,-1,158,1,May try again,1,Cannot escape,-1
138,False,8,0,Vyse,4,8,1,Aika,6,8,2,Fina,3,7,3,Drachma,7,7,194,ダイコクヤ,Daikokuya,4,1,248,ヨウジン,Youjin,3,4,250,ボゥ,Boo,7,4,255,None,None,-1,-1,255,None,None,-1,-1,255,None,None,-1,-1,255,None,None,-1,-1,182,1,May try again,1,Cannot escape,-1
139,False,8,0,Vyse,4,8,1,Aika,6,8,2,Fina,3,7,3,Drachma,7,7,195,ダイコクヤ,Daikokuya,4,1,248,ヨウジン,Youjin,3,4,250,ボゥ,Boo,7,4,255,None,None,-1,-1,255,None,None,-1,-1,255,None,None,-1,-1,255,None,None,-1,-1,202,1,May try again,1,Cannot escape,-1
140,False,8,0,Vyse,4,8,1,Aika,6,8,2,Fina,3,7,3,Drachma,7,7,196,ダイコクヤ,Daikokuya,4,1,248,ヨウジン,Youjin,3,4,250,ボゥ,Boo,7,4,255,None,None,-1,-1,255,None,None,-1,-1,255,None,None,-1,-1,255,None,None,-1,-1,222,1,May try again,1,Cannot escape,-1
141,False,8,0,Vyse,4,8,1,Aika,6,8,2,Fina,3,7,3,Drachma,7,7,197,ダイコクヤ,Daikokuya,4,1,248,ヨウジン,Youjin,3,4,250,ボゥ,Boo,7,4,255,None,None,-1,-1,255,None,None,-1,-1,255,None,None,-1,-1,255,None,None,-1,-1,242,1,May try again,1,Cannot escape,-1
142,False,8,0,Vyse,4,8,1,Aika,6,8,2,Fina,3,7,4,Enrique,7,7,193,ダイコクヤ,Daikokuya,4,1,248,ヨウジン,Youjin,3,4,250,ボゥ,Boo,7,4,255,None,None,-1,-1,255,None,None,-1,-1,255,None,None,-1,-1,255,None,None,-1,-1,158,1,May try again,1,Cannot escape,-1
143,False,8,0,Vyse,4,8,1,Aika,6,8,2,Fina,3,7,4,Enrique,7,7,194,ダイコクヤ,Daikokuya,4,1,248,ヨウジン,Youjin,3,4,250,ボゥ,Boo,7,4,255,None,None,-1,-1,255,None,None,-1,-1,255,None,None,-1,-1,255,None,None,-1,-1,182,1,May try again,1,Cannot escape,-1
144,False,8,0,Vyse,4,8,1,Aika,6,8,2,Fina,3,7,4,Enrique,7,7,195,ダイコクヤ,Daikokuya,4,1,248,ヨウジン,Youjin,3,4,250,ボゥ,Boo,7,4,255,None,None,-1,-1,255,None,None,-1,-1,255,None,None,-1,-1,255,None,None,-1,-1,202,1,May try again,1,Cannot escape,-1
145,False,8,0,Vyse,4,8,1,Aika,6,8,2,Fina,3,7,4,Enrique,7,7,196,ダイコクヤ,Daikokuya,4,1,248,ヨウジン,Youjin,3,4,250,ボゥ,Boo,7,4,255,None,None,-1,-1,255,None,None,-1,-1,255,None,None,-1,-1,255,None,None,-1,-1,222,1,May try again,1,Cannot escape,-1
146,False,8,0,Vyse,4,8,1,Aika,6,8,2,Fina,3,7,4,Enrique,7,7,197,ダイコクヤ,Daikokuya,4,1,248,ヨウジン,Youjin,3,4,250,ボゥ,Boo,7,4,255,None,None,-1,-1,255,None,None,-1,-1,255,None,None,-1,-1,255,None,None,-1,-1,242,1,May try again,1,Cannot escape,-1
147,False,8,0,Vyse,4,8,1,Aika,6,8,2,Fina,3,7,5,Gilder,7,7,193,ダイコクヤ,Daikokuya,4,1,248,ヨウジン,Youjin,3,4,250,ボゥ,Boo,7,4,255,None,None,-1,-1,255,None,None,-1,-1,255,None,None,-1,-1,255,None,None,-1,-1,158,1,May try again,1,Cannot escape,-1
148,False,8,0,Vyse,4,8,1,Aika,6,8,2,Fina,3,7,5,Gilder,7,7,194,ダイコクヤ,Daikokuya,4,1,248,ヨウジン,Youjin,3,4,250,ボゥ,Boo,7,4,255,None,None,-1,-1,255,None,None,-1,-1,255,None,None,-1,-1,255,None,None,-1,-1,182,1,May try again,1,Cannot escape,-1
149,False,8,0,Vyse,4,8,1,Aika,6,8,2,Fina,3,7,5,Gilder,7,7,195,ダイコクヤ,Daikokuya,4,1,248,ヨウジン,Youjin,3,4,250,ボゥ,Boo,7,4,255,None,None,-1,-1,255,None,None,-1,-1,255,None,None,-1,-1,255,None,None,-1,-1,202,1,May try again,1,Cannot escape,-1
150,False,8,0,Vyse,4,8,1,Aika,6,8,2,Fina,3,7,5,Gilder,7,7,196,ダイコクヤ,Daikokuya,4,1,248,ヨウジン,Youjin,3,4,250,ボゥ,Boo,7,4,255,None,None,-1,-1,255,None,None,-1,-1,255,None,None,-1,-1,255,None,None,-1,-1,222,1,May try again,1,Cannot escape,-1
151,False,8,0,Vyse,4,8,1,Aika,6,8,2,Fina,3,7,5,Gilder,7,7,197,ダイコクヤ,Daikokuya,4,1,248,ヨウジン,Youjin,3,4,250,ボゥ,Boo,7,4,255,None,None,-1,-1,255,None,None,-1,-1,255,None,None,-1,-1,255,None,None,-1,-1,242,1,May try again,1,Cannot escape,-1
152,False,6,0,Vyse,4,8,1,Aika,6,8,2,Fina,3,7,3,Drachma,7,7,228,盗掘王シモン,Lord Bane,5,2,251,盗掘者シモン,Zivilyn Bane,5,4,255,None,None,-1,-1,255,None,None,-1,-1,255,None,None,-1,-1,255,None,None,-1,-1,255,None,None,-1,-1,170,1,May try again,1,Cannot escape,-1
153,False,6,0,Vyse,4,8,1,Aika,6,8,2,Fina,3,7,3,Drachma,7,7,229,盗掘王シモン,Lord Bane,5,2,251,盗掘者シモン,Zivilyn Bane,5,4,255,None,None,-1,-1,255,None,None,-1,-1,255,None,None,-1,-1,255,None,None,-1,-1,255,None,None,-1,-1,182,1,May try again,1,Cannot escape,-1
154,False,6,0,Vyse,4,8,1,Aika,6,8,2,Fina,3,7,3,Drachma,7,7,230,盗掘王シモン,Lord Bane,5,2,252,盗掘者シモン,Zivilyn Bane,5,4,255,None,None,-1,-1,255,None,None,-1,-1,255,None,None,-1,-1,255,None,None,-1,-1,255,None,None,-1,-1,202,1,May try again,1,Cannot escape,-1
155,False,6,0,Vyse,4,8,1,Aika,6,8,2,Fina,3,7,3,Drachma,7,7,231,盗掘王シモン,Lord Bane,5,2,252,盗掘者シモン,Zivilyn Bane,5,4,255,None,None,-1,-1,255,None,None,-1,-1,255,None,None,-1,-1,255,None,None,-1,-1,255,None,None,-1,-1,222,1,May try again,1,Cannot escape,-1
156,False,6,0,Vyse,4,8,1,Aika,6,8,2,Fina,3,7,3,Drachma,7,7,232,盗掘王シモン,Lord Bane,5,2,252,盗掘者シモン,Zivilyn Bane,5,4,255,None,None,-1,-1,255,None,None,-1,-1,255,None,None,-1,-1,255,None,None,-1,-1,255,None,None,-1,-1,242,1,May try again,1,Cannot escape,-1
157,False,6,0,Vyse,4,8,1,Aika,6,8,2,Fina,3,7,4,Enrique,7,7,228,盗掘王シモン,Lord Bane,5,2,251,盗掘者シモン,Zivilyn Bane,5,4,255,None,None,-1,-1,255,None,None,-1,-1,255,None,None,-1,-1,255,None,None,-1,-1,255,None,None,-1,-1,170,1,May try again,1,Cannot escape,-1
158,False,6,0,Vyse,4,8,1,Aika,6,8,2,Fina,3,7,4,Enrique,7,7,229,盗掘王シモン,Lord Bane,5,2,251,盗掘者シモン,Zivilyn Bane,5,4,255,None,None,-1,-1,255,None,None,-1,-1,255,None,None,-1,-1,255,None,None,-1,-1,255,None,None,-1,-1,182,1,May try again,1,Cannot escape,-1
159,False,6,0,Vyse,4,8,1,Aika,6,8,2,Fina,3,7,4,Enrique,7,7,230,盗掘王シモン,Lord Bane,5,2,252,盗掘者シモン,Zivilyn Bane,5,4,255,None,None,-1,-1,255,None,None,-1,-1,255,None,None,-1,-1,255,None,None,-1,-1,255,None,None,-1,-1,202,1,May try again,1,Cannot escape,-1
160,False,6,0,Vyse,4,8,1,Aika,6,8,2,Fina,3,7,4,Enrique,7,7,231,盗掘王シモン,Lord Bane,5,2,252,盗掘者シモン,Zivilyn Bane,5,4,255,None,None,-1,-1,255,None,None,-1,-1,255,None,None,-1,-1,255,None,None,-1,-1,255,None,None,-1,-1,222,1,May try again,1,Cannot escape,-1
161,False,6,0,Vyse,4,8,1,Aika,6,8,2,Fina,3,7,4,Enrique,7,7,232,盗掘王シモン,Lord Bane,5,2,252,盗掘者シモン,Zivilyn Bane,5,4,255,None,None,-1,-1,255,None,None,-1,-1,255,None,None,-1,-1,255,None,None,-1,-1,255,None,None,-1,-1,242,1,May try again,1,Cannot escape,-1
162,False,6,0,Vyse,4,8,1,Aika,6,8,2,Fina,3,7,5,Gilder,7,7,228,盗掘王シモン,Lord Bane,5,2,251,盗掘者シモン,Zivilyn Bane,5,4,255,None,None,-1,-1,255,None,None,-1,-1,255,None,None,-1,-1,255,None,None,-1,-1,255,None,None,-1,-1,170,1,May try again,1,Cannot escape,-1
163,False,6,0,Vyse,4,8,1,Aika,6,8,2,Fina,3,7,5,Gilder,7,7,229,盗掘王シモン,Lord Bane,5,2,251,盗掘者シモン,Zivilyn Bane,5,4,255,None,None,-1,-1,255,None,None,-1,-1,255,None,None,-1,-1,255,None,None,-1,-1,255,None,None,-1,-1,182,1,May try again,1,Cannot escape,-1
164,False,6,0,Vyse,4,8,1,Aika,6,8,2,Fina,3,7,5,Gilder,7,7,230,盗掘王シモン,Lord Bane,5,2,252,盗掘者シモン,Zivilyn Bane,5,4,255,None,None,-1,-1,255,None,None,-1,-1,255,None,None,-1,-1,255,None,None,-1,-1,255,None,None,-1,-1,202,1,May try again,1,Cannot escape,-1
165,False,6,0,Vyse,4,8,1,Aika,6,8,2,Fina,3,7,5,Gilder,7,7,231,盗掘王シモン,Lord Bane,5,2,252,盗掘者シモン,Zivilyn Bane,5,4,255,None,None,-1,-1,255,None,None,-1,-1,255,None,None,-1,-1,255,None,None,-1,-1,255,None,None,-1,-1,222,1,May try again,1,Cannot escape,-1
166,False,6,0,Vyse,4,8,1,Aika,6,8,2,Fina,3,7,5,Gilder,7,7,232,盗掘王シモン,Lord Bane,5,2,252,盗掘者シモン,Zivilyn Bane,5,4,255,None,None,-1,-1,255,None,None,-1,-1,255,None,None,-1,-1,255,None,None,-1,-1,255,None,None,-1,-1,242,1,May try again,1,Cannot escape,-1
167,False,10,0,Vyse,4,8,1,Aika,6,8,2,Fina,3,7,3,Drachma,7,7,238,ビゴロ,Vigoro,5,2,255,None,None,-1,-1,255,None,None,-1,-1,255,None,None,-1,-1,255,None,None,-1,-1,255,None,None,-1,-1,255,None,None,-1,-1,210,1,May try again,1,Cannot escape,-1
168,False,10,0,Vyse,4,8,1,Aika,6,8,2,Fina,3,7,3,Drachma,7,7,239,ビゴロ,Vigoro,5,2,255,None,None,-1,-1,255,None,None,-1,-1,255,None,None,-1,-1,255,None,None,-1,-1,255,None,None,-1,-1,255,None,None,-1,-1,86,1,May try again,1,Cannot escape,-1
169,False,10,0,Vyse,4,8,1,Aika,6,8,2,Fina,3,7,3,Drachma,7,7,240,ビゴロ,Vigoro,5,2,255,None,None,-1,-1,255,None,None,-1,-1,255,None,None,-1,-1,255,None,None,-1,-1,255,None,None,-1,-1,255,None,None,-1,-1,106,1,May try again,1,Cannot escape,-1
170,False,10,0,Vyse,4,8,1,Aika,6,8,2,Fina,3,7,3,Drachma,7,7,241,ビゴロ,Vigoro,5,2,255,None,None,-1,-1,255,None,None,-1,-1,255,None,None,-1,-1,255,None,None,-1,-1,255,None,None,-1,-1,255,None,None,-1,-1,126,1,May try again,1,Cannot escape,-1
171,False,10,0,Vyse,4,8,1,Aika,6,8,2,Fina,3,7,3,Drachma,7,7,242,鬼ビゴロ,Vigoro,5,2,255,None,None,-1,-1,255,None,None,-1,-1,255,None,None,-1,-1,255,None,None,-1,-1,255,None,None,-1,-1,255,None,None,-1,-1,146,1,May try again,1,Cannot escape,-1
172,False,10,0,Vyse,4,8,1,Aika,6,8,2,Fina,3,7,4,Enrique,7,7,238,ビゴロ,Vigoro,5,2,255,None,None,-1,-1,255,None,None,-1,-1,255,None,None,-1,-1,255,None,None,-1,-1,255,None,None,-1,-1,255,None,None,-1,-1,210,1,May try again,1,Cannot escape,-1
173,False,10,0,Vyse,4,8,1,Aika,6,8,2,Fina,3,7,4,Enrique,7,7,239,ビゴロ,Vigoro,5,2,255,None,None,-1,-1,255,None,None,-1,-1,255,None,None,-1,-1,255,None,None,-1,-1,255,None,None,-1,-1,255,None,None,-1,-1,86,1,May try again,1,Cannot escape,-1
174,False,10,0,Vyse,4,8,1,Aika,6,8,2,Fina,3,7,4,Enrique,7,7,240,ビゴロ,Vigoro,5,2,255,None,None,-1,-1,255,None,None,-1,-1,255,None,None,-1,-1,255,None,None,-1,-1,255,None,None,-1,-1,255,None,None,-1,-1,106,1,May try again,1,Cannot escape,-1
175,False,10,0,Vyse,4,8,1,Aika,6,8,2,Fina,3,7,4,Enrique,7,7,241,ビゴロ,Vigoro,5,2,255,None,None,-1,-1,255,None,None,-1,-1,255,None,None,-1,-1,255,None,None,-1,-1,255,None,None,-1,-1,255,None,None,-1,-1,126,1,May try again,1,Cannot escape,-1
176,False,10,0,Vyse,4,8,1,Aika,6,8,2,Fina,3,7,4,Enrique,7,7,242,鬼ビゴロ,Vigoro,5,2,255,None,None,-1,-1,255,None,None,-1,-1,255,None,None,-1,-1,255,None,None,-1,-1,255,None,None,-1,-1,255,None,None,-1,-1,146,1,May try again,1,Cannot escape,-1
177,False,10,0,Vyse,4,8,1,Aika,6,8,2,Fina,3,7,5,Gilder,7,7,238,ビゴロ,Vigoro,5,2,255,None,None,-1,-1,255,None,None,-1,-1,255,None,None,-1,-1,255,None,None,-1,-1,255,None,None,-1,-1,255,None,None,-1,-1,210,1,May try again,1,Cannot escape,-1
178,False,10,0,Vyse,4,8,1,Aika,6,8,2,Fina,3,7,5,Gilder,7,7,239,ビゴロ,Vigoro,5,2,255,None,None,-1,-1,255,None,None,-1,-1,255,None,None,-1,-1,255,None,None,-1,-1,255,None,None,-1,-1,255,None,None,-1,-1,86,1,May try again,1,Cannot escape,-1
179,False,10,0,Vyse,4,8,1,Aika,6,8,2,Fina,3,7,5,Gilder,7,7,240,ビゴロ,Vigoro,5,2,255,None,None,-1,-1,255,None,None,-1,-1,255,None,None,-1,-1,255,None,None,-1,-1,255,None,None,-1,-1,255,None,None,-1,-1,106,1,May try again,1,Cannot escape,-1
180,False,10,0,Vyse,4,8,1,Aika,6,8,2,Fina,3,7,5,Gilder,7,7,241,ビゴロ,Vigoro,5,2,255,None,None,-1,-1,255,None,None,-1,-1,255,None,None,-1,-1,255,None,None,-1,-1,255,None,None,-1,-1,255,None,None,-1,-1,126,1,May try again,1,Cannot escape,-1
181,False,10,0,Vyse,4,8,1,Aika,6,8,2,Fina,3,7,5,Gilder,7,7,242,鬼ビゴロ,Vigoro,5,2,255,None,None,-1,-1,255,None,None,-1,-1,255,None,None,-1,-1,255,None,None,-1,-1,255,None,None,-1,-1,255,None,None,-1,-1,146,1,May try again,1,Cannot escape,-1
182,False,6,0,Vyse,4,8,1,Aika,6,8,2,Fina,3,7,3,Drachma,7,7,158,ピアストル,Piastol,6,2,243,デスハウンド,DeathHound,4,2,255,None,None,-1,-1,255,None,None,-1,-1,255,None,None,-1,-1,255,None,None,-1,-1,255,None,None,-1,-1,58,1,May try again,1,Cannot escape,-1
183,False,6,0,Vyse,4,8,1,Aika,6,8,2,Fina,3,7,3,Drachma,7,7,159,ピアストル,Piastol,6,2,243,デスハウンド,DeathHound,4,2,255,None,None,-1,-1,255,None,None,-1,-1,255,None,None,-1,-1,255,None,None,-1,-1,255,None,None,-1,-1,82,1,May try again,1,Cannot escape,-1
184,False,6,0,Vyse,4,8,1,Aika,6,8,2,Fina,3,7,3,Drachma,7,7,160,ピアストル,Piastol,6,2,243,デスハウンド,DeathHound,4,2,255,None,None,-1,-1,255,None,None,-1,-1,255,None,None,-1,-1,255,None,None,-1,-1,255,None,None,-1,-1,102,1,May try again,1,Cannot escape,-1
185,False,6,0,Vyse,4,8,1,Aika,6,8,2,Fina,3,7,3,Drachma,7,7,161,ピアストル,Piastol,6,2,243,デスハウンド,DeathHound,4,2,255,None,None,-1,-1,255,None,None,-1,-1,255,None,None,-1,-1,255,None,None,-1,-1,255,None,None,-1,-1,122,1,May try again,1,Cannot escape,-1
186,False,6,0,Vyse,4,8,1,Aika,6,8,2,Fina,3,7,3,Drachma,7,7,162,ピアストル,Piastol,6,2,243,デスハウンド,DeathHound,4,2,255,None,None,-1,-1,255,None,None,-1,-1,255,None,None,-1,-1,255,None,None,-1,-1,255,None,None,-1,-1,142,1,May try again,1,Cannot escape,-1
187,False,6,0,Vyse,4,8,1,Aika,6,8,2,Fina,3,7,3,Drachma,7,7,158,ピアストル,Piastol,6,2,243,デスハウンド,DeathHound,4,2,255,None,None,-1,-1,255,None,None,-1,-1,255,None,None,-1,-1,255,None,None,-1,-1,255,None,None,-1,-1,58,1,May try again,1,Cannot escape,-1
188,False,6,0,Vyse,4,8,1,Aika,6,8,2,Fina,3,7,3,Drachma,7,7,159,ピアストル,Piastol,6,2,243,デスハウンド,DeathHound,4,2,255,None,None,-1,-1,255,None,None,-1,-1,255,None,None,-1,-1,255,None,None,-1,-1,255,None,None,-1,-1,82,1,May try again,1,Cannot escape,-1
189,False,6,0,Vyse,4,8,1,Aika,6,8,2,Fina,3,7,3,Drachma,7,7,160,ピアストル,Piastol,6,2,243,デスハウンド,DeathHound,4,2,255,None,None,-1,-1,255,None,None,-1,-1,255,None,None,-1,-1,255,None,None,-1,-1,255,None,None,-1,-1,102,1,May try again,1,Cannot escape,-1
190,False,6,0,Vyse,4,8,1,Aika,6,8,2,Fina,3,7,3,Drachma,7,7,161,ピアストル,Piastol,6,2,243,デスハウンド,DeathHound,4,2,255,None,None,-1,-1,255,None,None,-1,-1,255,None,None,-1,-1,255,None,None,-1,-1,255,None,None,-1,-1,122,1,May try again,1,Cannot escape,-1
191,False,6,0,Vyse,4,8,1,Aika,6,8,2,Fina,3,7,3,Drachma,7,7,162,ピアストル,Piastol,6,2,243,デスハウンド,DeathHound,4,2,255,None,None,-1,-1,255,None,None,-1,-1,255,None,None,-1,-1,255,None,None,-1,-1,255,None,None,-1,-1,142,1,May try again,1,Cannot escape,-1
192,False,6,0,Vyse,4,8,1,Aika,6,8,2,Fina,3,7,4,Enrique,7,7,158,ピアストル,Piastol,6,2,243,デスハウンド,DeathHound,4,2,255,None,None,-1,-1,255,None,None,-1,-1,255,None,None,-1,-1,255,None,None,-1,-1,255,None,None,-1,-1,58,1,May try again,1,Cannot escape,-1
193,False,6,0,Vyse,4,8,1,Aika,6,8,2,Fina,3,7,4,Enrique,7,7,159,ピアストル,Piastol,6,2,243,デスハウンド,DeathHound,4,2,255,None,None,-1,-1,255,None,None,-1,-1,255,None,None,-1,-1,255,None,None,-1,-1,255,None,None,-1,-1,82,1,May try again,1,Cannot escape,-1
194,False,6,0,Vyse,4,8,1,Aika,6,8,2,Fina,3,7,4,Enrique,7,7,160,ピアストル,Piastol,6,2,243,デスハウンド,DeathHound,4,2,255,None,None,-1,-1,255,None,None,-1,-1,255,None,None,-1,-1,255,None,None,-1,-1,255,None,None,-1,-1,102,1,May try again,1,Cannot escape,-1
195,False,6,0,Vyse,4,8,1,Aika,6,8,2,Fina,3,7,4,Enrique,7,7,161,ピアストル,Piastol,6,2,243,デスハウンド,DeathHound,4,2,255,None,None,-1,-1,255,None,None,-1,-1,255,None,None,-1,-1,255,None,None,-1,-1,255,None,None,-1,-1,122,1,May try again,1,Cannot escape,-1
196,False,6,0,Vyse,4,8,1,Aika,6,8,2,Fina,3,7,4,Enrique,7,7,162,ピアストル,Piastol,6,2,243,デスハウンド,DeathHound,4,2,255,None,None,-1,-1,255,None,None,-1,-1,255,None,None,-1,-1,255,None,None,-1,-1,255,None,None,-1,-1,142,1,May try again,1,Cannot escape,-1
197,False,6,0,Vyse,4,8,1,Aika,6,8,2,Fina,3,7,5,Gilder,7,7,158,ピアストル,Piastol,6,2,243,デスハウンド,DeathHound,4,2,255,None,None,-1,-1,255,None,None,-1,-1,255,None,None,-1,-1,255,None,None,-1,-1,255,None,None,-1,-1,58,1,May try again,1,Cannot escape,-1
198,False,6,0,Vyse,4,8,1,Aika,6,8,2,Fina,3,7,5,Gilder,7,7,159,ピアストル,Piastol,6,2,243,デスハウンド,DeathHound,4,2,255,None,None,-1,-1,255,None,None,-1,-1,255,None,None,-1,-1,255,None,None,-1,-1,255,None,None,-1,-1,82,1,May try again,1,Cannot escape,-1
199,False,6,0,Vyse,4,8,1,Aika,6,8,2,Fina,3,7,5,Gilder,7,7,160,ピアストル,Piastol,6,2,243,デスハウンド,DeathHound,4,2,255,None,None,-1,-1,255,None,None,-1,-1,255,None,None,-1,-1,255,None,None,-1,-1,255,None,None,-1,-1,102,1,May try again,1,Cannot escape,-1
200,False,6,0,Vyse,4,8,1,Aika,6,8,2,Fina,3,7,5,Gilder,7,7,161,ピアストル,Piastol,6,2,243,デスハウンド,DeathHound,4,2,255,None,None,-1,-1,255,None,None,-1,-1,255,None,None,-1,-1,255,None,None,-1,-1,255,None,None,-1,-1,122,1,May try again,1,Cannot escape,-1
201,False,6,0,Vyse,4,8,1,Aika,6,8,2,Fina,3,7,5,Gilder,7,7,162,ピアストル,Piastol,6,2,243,デスハウンド,DeathHound,4,2,255,None,None,-1,-1,255,None,None,-1,-1,255,None,None,-1,-1,255,None,None,-1,-1,255,None,None,-1,-1,142,1,May try again,1,Cannot escape,-1
202,False,8,0,Vyse,4,8,1,Aika,6,8,2,Fina,3,7,3,Drachma,7,7,163,ピアストル,Piastol,6,2,243,デスハウンド,DeathHound,4,2,255,None,None,-1,-1,255,None,None,-1,-1,255,None,None,-1,-1,255,None,None,-1,-1,255,None,None,-1,-1,118,1,May try again,1,Cannot escape,-1
203,False,8,0,Vyse,4,8,1,Aika,6,8,2,Fina,3,7,3,Drachma,7,7,164,ピアストル,Piastol,6,2,244,デスバウンド,DeathHound,4,2,255,None,None,-1,-1,255,None,None,-1,-1,255,None,None,-1,-1,255,None,None,-1,-1,255,None,None,-1,-1,142,1,May try again,1,Cannot escape,-1
204,False,8,0,Vyse,4,8,1,Aika,6,8,2,Fina,3,7,3,Drachma,7,7,165,ピアストル,Piastol,6,2,244,デスバウンド,DeathHound,4,2,255,None,None,-1,-1,255,None,None,-1,-1,255,None,None,-1,-1,255,None,None,-1,-1,255,None,None,-1,-1,162,1,May try again,1,Cannot escape,-1
205,False,8,0,Vyse,4,8,1,Aika,6,8,2,Fina,3,7,3,Drachma,7,7,166,ピアストル,Piastol,6,2,244,デスバウンド,DeathHound,4,2,255,None,None,-1,-1,255,None,None,-1,-1,255,None,None,-1,-1,255,None,None,-1,-1,255,None,None,-1,-1,182,1,May try again,1,Cannot escape,-1
206,False,8,0,Vyse,4,8,1,Aika,6,8,2,Fina,3,7,3,Drachma,7,7,167,ピアストル,Piastol,6,2,244,デスバウンド,DeathHound,4,2,255,None,None,-1,-1,255,None,None,-1,-1,255,None,None,-1,-1,255,None,None,-1,-1,255,None,None,-1,-1,202,1,May try again,1,Cannot escape,-1
207,False,8,0,Vyse,4,8,1,Aika,6,8,2,Fina,3,7,4,Enrique,7,7,163,ピアストル,Piastol,6,2,243,デスハウンド,DeathHound,4,2,255,None,None,-1,-1,255,None,None,-1,-1,255,None,None,-1,-1,255,None,None,-1,-1,255,None,None,-1,-1,118,1,May try again,1,Cannot escape,-1
208,False,8,0,Vyse,4,8,1,Aika,6,8,2,Fina,3,7,4,Enrique,7,7,164,ピアストル,Piastol,6,2,244,デスバウンド,DeathHound,4,2,255,None,None,-1,-1,255,None,None,-1,-1,255,None,None,-1,-1,255,None,None,-1,-1,255,None,None,-1,-1,142,1,May try again,1,Cannot escape,-1
209,False,8,0,Vyse,4,8,1,Aika,6,8,2,Fina,3,7,4,Enrique,7,7,165,ピアストル,Piastol,6,2,244,デスバウンド,DeathHound,4,2,255,None,None,-1,-1,255,None,None,-1,-1,255,None,None,-1,-1,255,None,None,-1,-1,255,None,None,-1,-1,162,1,May try again,1,Cannot escape,-1
210,False,8,0,Vyse,4,8,1,Aika,6,8,2,Fina,3,7,4,Enrique,7,7,166,ピアストル,Piastol,6,2,244,デスバウンド,DeathHound,4,2,255,None,None,-1,-1,255,None,None,-1,-1,255,None,None,-1,-1,255,None,None,-1,-1,255,None,None,-1,-1,182,1,May try again,1,Cannot escape,-1
211,False,8,0,Vyse,4,8,1,Aika,6,8,2,Fina,3,7,4,Enrique,7,7,167,ピアストル,Piastol,6,2,244,デスバウンド,DeathHound,4,2,255,None,None,-1,-1,255,None,None,-1,-1,255,None,None,-1,-1,255,None,None,-1,-1,255,None,None,-1,-1,202,1,May try again,1,Cannot escape,-1
212,False,8,0,Vyse,4,8,1,Aika,6,8,2,Fina,3,7,5,Gilder,7,7,163,ピアストル,Piastol,6,2,243,デスハウンド,DeathHound,4,2,255,None,None,-1,-1,255,None,None,-1,-1,255,None,None,-1,-1,255,None,None,-1,-1,255,None,None,-1,-1,118,1,May try again,1,Cannot escape,-1
213,False,8,0,Vyse,4,8,1,Aika,6,8,2,Fina,3,7,5,Gilder,7,7,164,ピアストル,Piastol,6,2,244,デスバウンド,DeathHound,4,2,255,None,None,-1,-1,255,None,None,-1,-1,255,None,None,-1,-1,255,None,None,-1,-1,255,None,None,-1,-1,142,1,May try again,1,Cannot escape,-1
214,False,8,0,Vyse,4,8,1,Aika,6,8,2,Fina,3,7,5,Gilder,7,7,165,ピアストル,Piastol,6,2,244,デスバウンド,DeathHound,4,2,255,None,None,-1,-1,255,None,None,-1,-1,255,None,None,-1,-1,255,None,None,-1,-1,255,None,None,-1,-1,162,1,May try again,1,Cannot escape,-1
215,False,8,0,Vyse,4,8,1,Aika,6,8,2,Fina,3,7,5,Gilder,7,7,166,ピアストル,Piastol,6,2,244,デスバウンド,DeathHound,4,2,255,None,None,-1,-1,255,None,None,-1,-1,255,None,None,-1,-1,255,None,None,-1,-1,255,None,None,-1,-1,182,1,May try again,1,Cannot escape,-1
216,False,8,0,Vyse,4,8,1,Aika,6,8,2,Fina,3,7,5,Gilder,7,7,167,ピアストル,Piastol,6,2,244,デスバウンド,DeathHound,4,2,255,None,None,-1,-1,255,None,None,-1,-1,255,None,None,-1,-1,255,None,None,-1,-1,255,None,None,-1,-1,202,1,May try again,1,Cannot escape,-1
217,False,10,0,Vyse,4,8,1,Aika,6,8,2,Fina,3,7,3,Drachma,7,7,168,ピアストル,Piastol,6,2,245,デスバウンド,DeathHound,4,2,255,None,None,-1,-1,255,None,None,-1,-1,255,None,None,-1,-1,255,None,None,-1,-1,255,None,None,-1,-1,142,1,May try again,1,Cannot escape,-1
218,False,10,0,Vyse,4,8,1,Aika,6,8,2,Fina,3,7,3,Drachma,7,7,169,ピアストル,Piastol,6,2,245,デスバウンド,DeathHound,4,2,255,None,None,-1,-1,255,None,None,-1,-1,255,None,None,-1,-1,255,None,None,-1,-1,255,None,None,-1,-1,162,1,May try again,1,Cannot escape,-1
219,False,10,0,Vyse,4,8,1,Aika,6,8,2,Fina,3,7,3,Drachma,7,7,170,ピアストル,Piastol,6,2,245,デスバウンド,DeathHound,4,2,255,None,None,-1,-1,255,None,None,-1,-1,255,None,None,-1,-1,255,None,None,-1,-1,255,None,None,-1,-1,182,1,May try again,1,Cannot escape,-1
220,False,10,0,Vyse,4,8,1,Aika,6,8,2,Fina,3,7,3,Drachma,7,7,171,ピアストル,Piastol,6,2,245,デスバウンド,DeathHound,4,2,255,None,None,-1,-1,255,None,None,-1,-1,255,None,None,-1,-1,255,None,None,-1,-1,255,None,None,-1,-1,202,1,May try again,1,Cannot escape,-1
221,False,10,0,Vyse,4,8,1,Aika,6,8,2,Fina,3,7,3,Drachma,7,7,172,ピアストル,Piastol,6,2,245,デスバウンド,DeathHound,4,2,255,None,None,-1,-1,255,None,None,-1,-1,255,None,None,-1,-1,255,None,None,-1,-1,255,None,None,-1,-1,222,1,May try again,1,Cannot escape,-1
222,False,10,0,Vyse,4,8,1,Aika,6,8,2,Fina,3,7,4,Enrique,7,7,168,ピアストル,Piastol,6,2,245,デスバウンド,DeathHound,4,2,255,None,None,-1,-1,255,None,None,-1,-1,255,None,None,-1,-1,255,None,None,-1,-1,255,None,None,-1,-1,142,1,May try again,1,Cannot escape,-1
223,False,10,0,Vyse,4,8,1,Aika,6,8,2,Fina,3,7,4,Enrique,7,7,169,ピアストル,Piastol,6,2,245,デスバウンド,DeathHound,4,2,255,None,None,-1,-1,255,None,None,-1,-1,255,None,None,-1,-1,255,None,None,-1,-1,255,None,None,-1,-1,162,1,May try again,1,Cannot escape,-1
224,False,10,0,Vyse,4,8,1,Aika,6,8,2,Fina,3,7,4,Enrique,7,7,170,ピアストル,Piastol,6,2,245,デスバウンド,DeathHound,4,2,255,None,None,-1,-1,255,None,None,-1,-1,255,None,None,-1,-1,255,None,None,-1,-1,255,None,None,-1,-1,182,1,May try again,1,Cannot escape,-1
225,False,10,0,Vyse,4,8,1,Aika,6,8,2,Fina,3,7,4,Enrique,7,7,171,ピアストル,Piastol,6,2,245,デスバウンド,DeathHound,4,2,255,None,None,-1,-1,255,None,None,-1,-1,255,None,None,-1,-1,255,None,None,-1,-1,255,None,None,-1,-1,202,1,May try again,1,Cannot escape,-1
226,False,10,0,Vyse,4,8,1,Aika,6,8,2,Fina,3,7,4,Enrique,7,7,172,ピアストル,Piastol,6,2,245,デスバウンド,DeathHound,4,2,255,None,None,-1,-1,255,None,None,-1,-1,255,None,None,-1,-1,255,None,None,-1,-1,255,None,None,-1,-1,222,1,May try again,1,Cannot escape,-1
227,False,10,0,Vyse,4,8,1,Aika,6,8,2,Fina,3,7,5,Gilder,7,7,168,ピアストル,Piastol,6,2,245,デスバウンド,DeathHound,4,2,255,None,None,-1,-1,255,None,None,-1,-1,255,None,None,-1,-1,255,None,None,-1,-1,255,None,None,-1,-1,142,1,May try again,1,Cannot escape,-1
228,False,10,0,Vyse,4,8,1,Aika,6,8,2,Fina,3,7,5,Gilder,7,7,169,ピアストル,Piastol,6,2,245,デスバウンド,DeathHound,4,2,255,None,None,-1,-1,255,None,None,-1,-1,255,None,None,-1,-1,255,None,None,-1,-1,255,None,None,-1,-1,162,1,May try again,1,Cannot escape,-1
229,False,10,0,Vyse,4,8,1,Aika,6,8,2,Fina,3,7,5,Gilder,7,7,170,ピアストル,Piastol,6,2,245,デスバウンド,DeathHound,4,2,255,None,None,-1,-1,255,None,None,-1,-1,255,None,None,-1,-1,255,None,None,-1,-1,255,None,None,-1,-1,182,1,May try again,1,Cannot escape,-1
230,False,10,0,Vyse,4,8,1,Aika,6,8,2,Fina,3,7,5,Gilder,7,7,171,ピアストル,Piastol,6,2,245,デスバウンド,DeathHound,4,2,255,None,None,-1,-1,255,None,None,-1,-1,255,None,None,-1,-1,255,None,None,-1,-1,255,None,None,-1,-1,202,1,May try again,1,Cannot escape,-1
231,False,10,0,Vyse,4,8,1,Aika,6,8,2,Fina,3,7,5,Gilder,7,7,172,ピアストル,Piastol,6,2,245,デスバウンド,DeathHound,4,2,255,None,None,-1,-1,255,None,None,-1,-1,255,None,None,-1,-1,255,None,None,-1,-1,255,None,None,-1,-1,222,1,May try again,1,Cannot escape,-1
232,False,12,0,Vyse,4,8,1,Aika,6,8,2,Fina,3,7,3,Drachma,7,7,173,ピアストル,Piastol,6,2,246,デスバウンド,DeathHound,4,2,255,None,None,-1,-1,255,None,None,-1,-1,255,None,None,-1,-1,255,None,None,-1,-1,255,None,None,-1,-1,158,1,May try again,1,Cannot escape,-1
233,False,12,0,Vyse,4,8,1,Aika,6,8,2,Fina,3,7,3,Drachma,7,7,174,ピアストル,Piastol,6,2,246,デスバウンド,DeathHound,4,2,255,None,None,-1,-1,255,None,None,-1,-1,255,None,None,-1,-1,255,None,None,-1,-1,255,None,None,-1,-1,182,1,May try again,1,Cannot escape,-1
234,False,12,0,Vyse,4,8,1,Aika,6,8,2,Fina,3,7,3,Drachma,7,7,175,ピアストル,Piastol,6,2,246,デスバウンド,DeathHound,4,2,255,None,None,-1,-1,255,None,None,-1,-1,255,None,None,-1,-1,255,None,None,-1,-1,255,None,None,-1,-1,202,1,May try again,1,Cannot escape,-1
235,False,12,0,Vyse,4,8,1,Aika,6,8,2,Fina,3,7,3,Drachma,7,7,176,ピアストル,Piastol,6,2,246,デスバウンド,DeathHound,4,2,255,None,None,-1,-1,255,None,None,-1,-1,255,None,None,-1,-1,255,None,None,-1,-1,255,None,None,-1,-1,222,1,May try again,1,Cannot escape,-1
236,False,12,0,Vyse,4,8,1,Aika,6,8,2,Fina,3,7,3,Drachma,7,7,177,ピアストル,Piastol,6,2,246,デスバウンド,DeathHound,4,2,255,None,None,-1,-1,255,None,None,-1,-1,255,None,None,-1,-1,255,None,None,-1,-1,255,None,None,-1,-1,242,1,May try again,1,Cannot escape,-1
237,False,12,0,Vyse,4,8,1,Aika,6,8,2,Fina,3,7,4,Enrique,7,7,173,ピアストル,Piastol,6,2,246,デスバウンド,DeathHound,4,2,255,None,None,-1,-1,255,None,None,-1,-1,255,None,None,-1,-1,255,None,None,-1,-1,255,None,None,-1,-1,158,1,May try again,1,Cannot escape,-1
238,False,12,0,Vyse,4,8,1,Aika,6,8,2,Fina,3,7,4,Enrique,7,7,174,ピアストル,Piastol,6,2,246,デスバウンド,DeathHound,4,2,255,None,None,-1,-1,255,None,None,-1,-1,255,None,None,-1,-1,255,None,None,-1,-1,255,None,None,-1,-1,182,1,May try again,1,Cannot escape,-1
239,False,12,0,Vyse,4,8,1,Aika,6,8,2,Fina,3,7,4,Enrique,7,7,175,ピアストル,Piastol,6,2,246,デスバウンド,DeathHound,4,2,255,None,None,-1,-1,255,None,None,-1,-1,255,None,None,-1,-1,255,None,None,-1,-1,255,None,None,-1,-1,202,1,May try again,1,Cannot escape,-1
240,False,12,0,Vyse,4,8,1,Aika,6,8,2,Fina,3,7,4,Enrique,7,7,176,ピアストル,Piastol,6,2,246,デスバウンド,DeathHound,4,2,255,None,None,-1,-1,255,None,None,-1,-1,255,None,None,-1,-1,255,None,None,-1,-1,255,None,None,-1,-1,222,1,May try again,1,Cannot escape,-1
241,False,12,0,Vyse,4,8,1,Aika,6,8,2,Fina,3,7,4,Enrique,7,7,177,ピアストル,Piastol,6,2,246,デスバウンド,DeathHound,4,2,255,None,None,-1,-1,255,None,None,-1,-1,255,None,None,-1,-1,255,None,None,-1,-1,255,None,None,-1,-1,242,1,May try again,1,Cannot escape,-1
242,False,12,0,Vyse,4,8,1,Aika,6,8,2,Fina,3,7,5,Gilder,7,7,173,ピアストル,Piastol,6,2,246,デスバウンド,DeathHound,4,2,255,None,None,-1,-1,255,None,None,-1,-1,255,None,None,-1,-1,255,None,None,-1,-1,255,None,None,-1,-1,158,1,May try again,1,Cannot escape,-1
243,False,12,0,Vyse,4,8,1,Aika,6,8,2,Fina,3,7,5,Gilder,7,7,174,ピアストル,Piastol,6,2,246,デスバウンド,DeathHound,4,2,255,None,None,-1,-1,255,None,None,-1,-1,255,None,None,-1,-1,255,None,None,-1,-1,255,None,None,-1,-1,182,1,May try again,1,Cannot escape,-1
244,False,12,0,Vyse,4,8,1,Aika,6,8,2,Fina,3,7,5,Gilder,7,7,175,ピアストル,Piastol,6,2,246,デスバウンド,DeathHound,4,2,255,None,None,-1,-1,255,None,None,-1,-1,255,None,None,-1,-1,255,None,None,-1,-1,255,None,None,-1,-1,202,1,May try again,1,Cannot escape,-1
245,False,12,0,Vyse,4,8,1,Aika,6,8,2,Fina,3,7,5,Gilder,7,7,176,ピアストル,Piastol,6,2,246,デスバウンド,DeathHound,4,2,255,None,None,-1,-1,255,None,None,-1,-1,255,None,None,-1,-1,255,None,None,-1,-1,255,None,None,-1,-1,222,1,May try again,1,Cannot escape,-1
246,False,12,0,Vyse,4,8,1,Aika,6,8,2,Fina,3,7,5,Gilder,7,7,177,ピアストル,Piastol,6,2,246,デスバウンド,DeathHound,4,2,255,None,None,-1,-1,255,None,None,-1,-1,255,None,None,-1,-1,255,None,None,-1,-1,255,None,None,-1,-1,242,1,May try again,1,Cannot escape,-1
247,False,12,0,Vyse,4,8,1,Aika,6,8,2,Fina,3,7,5,Gilder,7,7,251,盗掘者シモン,Zivilyn Bane,6,2,255,None,None,-1,-1,255,None,None,-1,-1,255,None,None,-1,-1,255,None,None,-1,-1,255,None,None,-1,-1,255,None,None,-1,-1,242,1,May try again,1,Cannot escape,-1
248,False,12,0,Vyse,4,8,1,Aika,6,8,2,Fina,3,7,5,Gilder,7,7,252,盗掘者シモン,Zivilyn Bane,6,2,255,None,None,-1,-1,255,None,None,-1,-1,255,None,None,-1,-1,255,None,None,-1,-1,255,None,None,-1,-1,255,None,None,-1,-1,242,1,May try again,1,Cannot escape,-1
249,False,12,0,Vyse,4,8,1,Aika,6,8,2,Fina,3,7,5,Gilder,7,7,99,アルシノ,Kantor,6,2,255,None,None,-1,-1,255,None,None,-1,-1,255,None,None,-1,-1,255,None,None,-1,-1,255,None,None,-1,-1,255,None,None,-1,-1,242,1,May try again,1,Cannot escape,-1
